"product_code";"customer_code";"market_code";"order_date";"sales_qty";"sales_amount";"currency";"profit_margin";"profit";"cost_price"
"Prod001";"Cus001";"Mark001";"2017-10-10";100;41241.0;"INR";0.39;39.78;296.7
"Prod001";"Cus002";"Mark002";"2018-05-08";3;-1.0;"INR";-0.12;-12.24;-0.38
"Prod002";"Cus003";"Mark003";"2018-04-06";1;875.0;"INR";0.29;29.58;678.29
"Prod002";"Cus003";"Mark003";"2018-04-11";1;583.0;"INR";0.36;36.72;428.68
"Prod002";"Cus004";"Mark003";"2018-06-18";6;7176.0;"INR";-0.35;-35.7;1840.0
"Prod003";"Cus005";"Mark004";"2017-11-20";59;40000.0;"INR";0.26;26.52;538.07
"Prod003";"Cus005";"Mark004";"2017-11-22";36;20000.0;"INR";-0.35;-35.7;854.7
"Prod003";"Cus005";"Mark004";"2017-11-23";39;21412.0;"INR";-0.35;-35.7;844.65
"Prod003";"Cus005";"Mark004";"2017-11-27";35;19213.0;"INR";0.34;34.68;409.66
"Prod003";"Cus005";"Mark004";"2017-11-28";310;170185.0;"INR";-0.06;-6.12;584.03
"Prod003";"Cus005";"Mark004";"2017-11-29";184;101194.0;"INR";0.28;28.56;429.66
"Prod003";"Cus005";"Mark004";"2017-11-30";35;19213.0;"INR";0.21;21.42;453.67
"Prod004";"Cus005";"Mark004";"2017-11-29";17;9426.0;"INR";0.19;19.38;465.94
"Prod004";"Cus005";"Mark004";"2017-12-19";1;218.0;"INR";-0.18;-18.36;265.85
"Prod005";"Cus005";"Mark004";"2018-08-07";5;3093.0;"INR";-0.33;-33.66;923.28
"Prod003";"Cus006";"Mark004";"2017-12-04";58;30306.0;"INR";-0.27;-27.54;715.78
"Prod005";"Cus006";"Mark004";"2018-06-29";38;52319.0;"INR";-0.33;-33.66;2054.95
"Prod005";"Cus006";"Mark004";"2018-07-02";93;126296.0;"INR";-0.33;-33.66;2026.9
"Prod005";"Cus006";"Mark004";"2018-07-03";79;107500.0;"INR";0.18;18.36;1153.19
"Prod005";"Cus006";"Mark004";"2018-07-04";1;273.0;"INR";0.34;34.68;203.73
"Prod005";"Cus006";"Mark004";"2018-07-06";3;3574.0;"INR";-0.09;-9.18;1309.16
"Prod005";"Cus006";"Mark004";"2018-07-13";1;273.0;"INR";0.13;13.26;241.59
"Prod005";"Cus006";"Mark004";"2019-06-07";20;23403.0;"INR";0.38;38.76;847.93
"Prod005";"Cus006";"Mark004";"2019-07-29";81;76329.0;"INR";0.29;29.58;730.49
"Prod005";"Cus006";"Mark004";"2019-08-01";5;4542.0;"INR";-0.24;-24.48;1195.26
"Prod005";"Cus006";"Mark004";"2019-09-19";18;16579.0;"INR";-0.01;-1.02;930.36
"Prod005";"Cus006";"Mark004";"2019-09-27";90;105301.0;"INR";0.33;33.66;879.71
"Prod004";"Cus007";"Mark004";"2017-10-09";1;185.0;"INR";0.34;34.68;138.06
"Prod004";"Cus007";"Mark004";"2017-10-13";1;556.0;"INR";-0.1;-10.2;617.78
"Prod004";"Cus007";"Mark004";"2017-10-27";1;551.0;"INR";0.27;27.54;433.86
"Prod004";"Cus007";"Mark004";"2017-11-03";1;167.0;"INR";0.25;25.5;133.6
"Prod004";"Cus007";"Mark004";"2017-11-06";1;333.0;"INR";-0.12;-12.24;378.41
"Prod004";"Cus007";"Mark004";"2017-11-10";1;500.0;"INR";-0.33;-33.66;746.27
"Prod004";"Cus007";"Mark004";"2017-11-16";1;333.0;"INR";0.26;26.52;264.29
"Prod004";"Cus007";"Mark004";"2017-11-17";1;333.0;"INR";-0.32;-32.64;489.71
"Prod004";"Cus007";"Mark004";"2017-11-27";1;500.0;"INR";0.33;33.66;375.94
"Prod004";"Cus007";"Mark004";"2017-12-04";1;833.0;"INR";0.08;8.16;771.3
"Prod004";"Cus007";"Mark004";"2017-12-08";1;167.0;"INR";0.01;1.02;165.35
"Prod004";"Cus007";"Mark004";"2017-12-11";1;833.0;"INR";-0.01;-1.02;841.41
"Prod004";"Cus007";"Mark004";"2017-12-18";1;1000.0;"INR";0.15;15.3;869.57
"Prod004";"Cus007";"Mark004";"2017-12-27";2;1833.0;"INR";0.14;14.28;803.95
"Prod004";"Cus007";"Mark004";"2017-12-28";1;167.0;"INR";-0.22;-22.44;214.1
"Prod004";"Cus007";"Mark004";"2018-01-05";1;167.0;"INR";0.08;8.16;154.63
"Prod004";"Cus007";"Mark004";"2018-01-08";1;833.0;"INR";-0.05;-5.1;876.84
"Prod004";"Cus007";"Mark004";"2018-01-22";1;167.0;"INR";0.35;35.7;123.7
"Prod004";"Cus007";"Mark004";"2018-02-21";26;10657.0;"INR";0.24;24.48;330.55
"Prod004";"Cus007";"Mark004";"2018-02-23";1;167.0;"INR";-0.14;-14.28;194.19
"Prod005";"Cus007";"Mark004";"2018-08-03";1;157.0;"INR";0.01;1.02;155.45
"Prod005";"Cus007";"Mark004";"2018-08-24";1;315.0;"INR";0.15;15.3;273.91
"Prod005";"Cus007";"Mark004";"2018-09-21";1;630.0;"INR";0.1;10.2;572.73
"Prod005";"Cus007";"Mark004";"2018-09-28";1;315.0;"INR";-0.25;-25.5;420.0
"Prod005";"Cus007";"Mark004";"2018-11-09";1;157.0;"INR";-0.25;-25.5;209.33
"Prod005";"Cus007";"Mark004";"2018-11-16";1;472.0;"INR";-0.17;-17.34;568.67
"Prod005";"Cus007";"Mark004";"2018-12-07";1;157.0;"INR";0.1;10.2;142.73
"Prod005";"Cus007";"Mark004";"2018-12-14";1;157.0;"INR";0.33;33.66;118.05
"Prod005";"Cus007";"Mark004";"2019-01-25";1;315.0;"INR";-0.1;-10.2;350.0
"Prod005";"Cus007";"Mark004";"2019-02-01";1;157.0;"INR";-0.19;-19.38;193.83
"Prod005";"Cus007";"Mark004";"2019-02-08";1;472.0;"INR";-0.21;-21.42;597.47
"Prod005";"Cus007";"Mark004";"2019-02-15";1;472.0;"INR";-0.3;-30.6;674.29
"Prod005";"Cus007";"Mark004";"2019-02-22";1;315.0;"INR";0.37;37.74;229.93
"Prod005";"Cus007";"Mark004";"2019-03-01";1;472.0;"INR";-0.09;-9.18;518.68
"Prod005";"Cus007";"Mark004";"2019-03-08";1;315.0;"INR";-0.07;-7.14;338.71
"Prod005";"Cus007";"Mark004";"2019-03-15";1;157.0;"INR";-0.05;-5.1;165.26
"Prod005";"Cus007";"Mark004";"2019-03-22";1;315.0;"INR";0.17;17.34;269.23
"Prod005";"Cus007";"Mark004";"2019-03-29";1;315.0;"INR";0.27;27.54;248.03
"Prod005";"Cus007";"Mark004";"2019-04-05";1;315.0;"INR";0.14;14.28;276.32
"Prod005";"Cus007";"Mark004";"2019-04-12";1;787.0;"INR";0.18;18.36;666.95
"Prod005";"Cus007";"Mark004";"2019-04-23";1;630.0;"INR";-0.31;-31.62;913.04
"Prod005";"Cus007";"Mark004";"2019-04-29";1;472.0;"INR";0.23;23.46;383.74
"Prod005";"Cus007";"Mark004";"2019-05-06";1;315.0;"INR";0.09;9.18;288.99
"Prod005";"Cus007";"Mark004";"2019-05-10";1;787.0;"INR";-0.24;-24.48;1035.53
"Prod005";"Cus007";"Mark004";"2019-05-17";1;1102.0;"INR";0.16;16.32;950.0
"Prod005";"Cus007";"Mark004";"2019-06-03";1;787.0;"INR";0.15;15.3;684.35
"Prod005";"Cus007";"Mark004";"2019-06-07";1;157.0;"INR";0.26;26.52;124.6
"Prod005";"Cus007";"Mark004";"2019-06-17";1;315.0;"INR";-0.24;-24.48;414.47
"Prod005";"Cus007";"Mark004";"2019-06-24";1;315.0;"INR";0.35;35.7;233.33
"Prod005";"Cus007";"Mark004";"2019-06-28";1;315.0;"INR";0.13;13.26;278.76
"Prod005";"Cus007";"Mark004";"2019-07-05";1;472.0;"INR";0.22;22.44;386.89
"Prod005";"Cus007";"Mark004";"2019-07-12";1;630.0;"INR";0.38;38.76;456.52
"Prod005";"Cus007";"Mark004";"2019-07-19";1;944.0;"INR";0.26;26.52;749.21
"Prod005";"Cus007";"Mark004";"2019-07-26";2;1417.0;"INR";-0.31;-31.62;1026.81
"Prod005";"Cus007";"Mark004";"2019-08-02";2;1417.0;"INR";0.14;14.28;621.49
"Prod005";"Cus007";"Mark004";"2019-08-09";1;787.0;"INR";0.34;34.68;587.31
"Prod005";"Cus007";"Mark004";"2019-08-16";1;1259.0;"INR";-0.16;-16.32;1498.81
"Prod005";"Cus007";"Mark004";"2019-09-02";2;1574.0;"INR";0.02;2.04;771.57
"Prod005";"Cus007";"Mark004";"2019-09-03";1;630.0;"INR";-0.1;-10.2;700.0
"Prod005";"Cus007";"Mark004";"2019-09-06";1;157.0;"INR";0.4;40.8;112.14
"Prod005";"Cus007";"Mark004";"2019-09-13";2;1417.0;"INR";-0.2;-20.4;885.63
"Prod005";"Cus007";"Mark004";"2019-09-20";1;630.0;"INR";-0.18;-18.36;768.29
"Prod005";"Cus007";"Mark004";"2019-09-23";200;66111.0;"INR";-0.04;-4.08;344.33
"Prod005";"Cus007";"Mark004";"2019-09-27";2;1884.0;"INR";-0.1;-10.2;1046.67
"Prod005";"Cus007";"Mark004";"2019-10-07";1;944.0;"INR";0.1;10.2;858.18
"Prod005";"Cus007";"Mark004";"2019-10-28";7;2574.0;"INR";0.08;8.16;340.48
"Prod005";"Cus007";"Mark004";"2019-11-08";1;630.0;"INR";-0.11;-11.22;707.87
"Prod005";"Cus007";"Mark004";"2019-11-15";1;472.0;"INR";0.15;15.3;410.43
"Prod005";"Cus007";"Mark004";"2019-11-22";1;944.0;"INR";0.37;37.74;689.05
"Prod005";"Cus007";"Mark004";"2019-11-29";2;1417.0;"INR";0.35;35.7;524.81
"Prod005";"Cus007";"Mark004";"2019-12-06";1;1259.0;"INR";-0.05;-5.1;1325.26
"Prod005";"Cus007";"Mark004";"2019-12-13";4;3773.0;"INR";0.09;9.18;865.37
"Prod005";"Cus007";"Mark004";"2019-12-20";1;315.0;"INR";0.14;14.28;276.32
"Prod005";"Cus007";"Mark004";"2020-01-09";1;630.0;"INR";0.0;0.0;630.0
"Prod005";"Cus007";"Mark004";"2020-01-10";1;472.0;"INR";0.02;2.04;462.75
"Prod005";"Cus007";"Mark004";"2020-01-17";2;2042.0;"INR";-0.04;-4.08;1063.54
"Prod005";"Cus007";"Mark004";"2020-02-07";1;417.0;"INR";0.18;18.36;353.39
"Prod005";"Cus007";"Mark004";"2020-02-14";1;310.0;"INR";-0.34;-34.68;469.7
"Prod005";"Cus007";"Mark004";"2020-02-28";1;208.0;"INR";-0.07;-7.14;223.66
"Prod005";"Cus007";"Mark004";"2020-03-06";1;620.0;"INR";-0.27;-27.54;849.32
"Prod005";"Cus007";"Mark004";"2020-03-13";1;620.0;"INR";-0.3;-30.6;885.71
"Prod005";"Cus007";"Mark004";"2020-04-03";1;829.0;"INR";-0.09;-9.18;910.99
"Prod005";"Cus007";"Mark004";"2020-04-14";4;2694.0;"INR";-0.35;-35.7;1036.15
"Prod005";"Cus007";"Mark004";"2020-04-20";1;102.0;"INR";-0.28;-28.56;141.67
"Prod005";"Cus007";"Mark004";"2020-05-15";2;528.0;"INR";-0.14;-14.28;306.98
"Prod006";"Cus005";"Mark004";"2017-10-24";1;380.0;"INR";-0.28;-28.56;527.78
"Prod006";"Cus007";"Mark004";"2017-10-25";1;560.0;"INR";0.19;19.38;470.59
"Prod006";"Cus007";"Mark004";"2017-10-30";1;560.0;"INR";-0.18;-18.36;682.93
"Prod006";"Cus007";"Mark004";"2017-11-27";1;1116.0;"INR";0.31;31.62;851.91
"Prod006";"Cus008";"Mark005";"2017-12-11";1;657.0;"INR";0.05;5.1;625.71
"Prod006";"Cus007";"Mark004";"2017-12-12";1;560.0;"INR";0.16;16.32;482.76
"Prod006";"Cus008";"Mark005";"2017-12-19";1;657.0;"INR";-0.15;-15.3;772.94
"Prod006";"Cus007";"Mark004";"2018-02-12";1;560.0;"INR";0.15;15.3;486.96
"Prod007";"Cus007";"Mark004";"2018-10-19";11;6218.0;"INR";-0.31;-31.62;819.24
"Prod008";"Cus007";"Mark004";"2017-11-20";7;2426.0;"INR";-0.1;-10.2;385.08
"Prod008";"Cus007";"Mark004";"2017-11-24";33;15278.0;"INR";-0.1;-10.2;514.41
"Prod009";"Cus009";"Mark002";"2018-11-14";3;3032.0;"INR";0.32;32.64;765.66
"Prod009";"Cus010";"Mark003";"2019-05-22";2;3194.0;"INR";0.06;6.12;1506.6
"Prod009";"Cus010";"Mark003";"2019-05-23";1;912.0;"INR";0.31;31.62;696.18
"Prod009";"Cus010";"Mark003";"2019-05-28";1;1824.0;"INR";-0.1;-10.2;2026.67
"Prod009";"Cus010";"Mark003";"2019-05-29";1;458.0;"INR";0.33;33.66;344.36
"Prod009";"Cus003";"Mark003";"2019-05-31";3;4444.0;"INR";0.14;14.28;1299.42
"Prod009";"Cus010";"Mark003";"2019-06-03";1;458.0;"INR";-0.07;-7.14;492.47
"Prod009";"Cus010";"Mark003";"2019-06-04";1;458.0;"INR";0.0;0.0;458.0
"Prod009";"Cus010";"Mark003";"2019-06-05";1;1824.0;"INR";0.21;21.42;1507.44
"Prod009";"Cus003";"Mark003";"2019-06-05";2;2667.0;"INR";0.39;39.78;959.35
"Prod009";"Cus010";"Mark003";"2019-06-06";14;19171.0;"INR";-0.03;-3.06;1411.71
"Prod009";"Cus010";"Mark003";"2019-06-07";1;458.0;"INR";-0.14;-14.28;532.56
"Prod009";"Cus010";"Mark003";"2019-06-11";1;458.0;"INR";-0.09;-9.18;503.3
"Prod009";"Cus010";"Mark003";"2019-06-12";1;458.0;"INR";-0.15;-15.3;538.82
"Prod009";"Cus010";"Mark003";"2019-06-14";1;1370.0;"INR";-0.23;-23.46;1779.22
"Prod009";"Cus003";"Mark003";"2019-06-14";2;2667.0;"INR";-0.07;-7.14;1433.87
"Prod009";"Cus003";"Mark003";"2019-06-17";1;1333.0;"INR";-0.28;-28.56;1851.39
"Prod009";"Cus011";"Mark003";"2019-06-18";1;597.0;"INR";0.08;8.16;552.78
"Prod009";"Cus003";"Mark003";"2019-06-18";7;8889.0;"INR";0.04;4.08;1221.02
"Prod009";"Cus003";"Mark003";"2019-06-19";1;1778.0;"INR";-0.26;-26.52;2402.7
"Prod009";"Cus010";"Mark003";"2019-06-28";7;9130.0;"INR";0.06;6.12;1230.46
"Prod010";"Cus011";"Mark003";"2018-04-23";1;602.0;"INR";-0.13;-13.26;691.95
"Prod010";"Cus012";"Mark003";"2018-05-03";2;3227.0;"INR";-0.31;-31.62;2338.41
"Prod010";"Cus003";"Mark003";"2018-05-04";1;449.0;"INR";-0.19;-19.38;554.32
"Prod010";"Cus003";"Mark003";"2018-05-07";1;449.0;"INR";0.36;36.72;330.15
"Prod010";"Cus003";"Mark003";"2018-05-09";1;449.0;"INR";-0.11;-11.22;504.49
"Prod010";"Cus003";"Mark003";"2018-05-11";1;449.0;"INR";0.07;7.14;419.63
"Prod010";"Cus013";"Mark003";"2018-05-11";7;9880.0;"INR";0.06;6.12;1331.54
"Prod010";"Cus011";"Mark003";"2018-05-16";1;301.0;"INR";0.1;10.2;273.64
"Prod010";"Cus014";"Mark003";"2018-05-16";6;7954.0;"INR";-0.12;-12.24;1506.44
"Prod010";"Cus012";"Mark003";"2018-05-17";1;2153.0;"INR";0.36;36.72;1583.09
"Prod010";"Cus014";"Mark003";"2018-05-17";4;5306.0;"INR";-0.29;-29.58;1868.31
"Prod010";"Cus003";"Mark003";"2018-05-18";1;1801.0;"INR";-0.3;-30.6;2572.86
"Prod010";"Cus003";"Mark003";"2018-05-23";2;2699.0;"INR";0.1;10.2;1226.82
"Prod010";"Cus012";"Mark003";"2018-05-24";1;1616.0;"INR";-0.05;-5.1;1701.05
"Prod010";"Cus003";"Mark003";"2018-05-25";2;2245.0;"INR";0.37;37.74;819.34
"Prod010";"Cus015";"Mark006";"2018-05-26";1;0.0;"INR";-0.04;-4.08;0.0
"Prod010";"Cus003";"Mark003";"2018-05-28";1;903.0;"INR";0.09;9.18;828.44
"Prod010";"Cus014";"Mark003";"2018-05-29";4;5306.0;"INR";0.09;9.18;1216.97
"Prod010";"Cus010";"Mark003";"2018-05-30";3;3778.0;"INR";0.28;28.56;983.85
"Prod010";"Cus012";"Mark003";"2018-05-31";1;537.0;"INR";0.21;21.42;443.8
"Prod010";"Cus010";"Mark003";"2018-05-31";1;1417.0;"INR";-0.05;-5.1;1491.58
"Prod010";"Cus014";"Mark003";"2018-05-31";4;5306.0;"INR";0.01;1.02;1313.37
"Prod010";"Cus010";"Mark003";"2018-06-01";1;472.0;"INR";-0.02;-2.04;481.63
"Prod010";"Cus003";"Mark003";"2018-06-01";3;4051.0;"INR";-0.22;-22.44;1731.2
"Prod010";"Cus013";"Mark003";"2018-06-01";10;14815.0;"INR";0.08;8.16;1371.76
"Prod010";"Cus003";"Mark003";"2018-06-06";3;4495.0;"INR";-0.19;-19.38;1849.79
"Prod010";"Cus012";"Mark003";"2018-06-07";2;2690.0;"INR";-0.08;-8.16;1461.96
"Prod010";"Cus010";"Mark003";"2018-06-07";1;1417.0;"INR";0.01;1.02;1402.97
"Prod010";"Cus003";"Mark003";"2018-06-08";1;449.0;"INR";0.2;20.4;374.17
"Prod010";"Cus014";"Mark003";"2018-06-08";18;23866.0;"INR";0.37;37.74;967.8
"Prod010";"Cus003";"Mark003";"2018-06-11";1;898.0;"INR";-0.26;-26.52;1213.51
"Prod010";"Cus013";"Mark003";"2018-06-11";3;4940.0;"INR";0.11;11.22;1483.48
"Prod010";"Cus003";"Mark003";"2018-06-13";1;449.0;"INR";0.23;23.46;365.04
"Prod010";"Cus012";"Mark003";"2018-06-14";1;2153.0;"INR";0.37;37.74;1571.53
"Prod010";"Cus010";"Mark003";"2018-06-14";1;472.0;"INR";-0.25;-25.5;629.33
"Prod010";"Cus003";"Mark003";"2018-06-14";1;449.0;"INR";0.4;40.8;320.71
"Prod010";"Cus014";"Mark003";"2018-06-14";4;5306.0;"INR";-0.32;-32.64;1950.74
"Prod010";"Cus003";"Mark003";"2018-06-15";3;3602.0;"INR";0.04;4.08;1154.49
"Prod010";"Cus011";"Mark003";"2018-06-18";4;3583.0;"INR";-0.01;-1.02;904.8
"Prod010";"Cus003";"Mark003";"2018-06-18";4;4954.0;"INR";-0.28;-28.56;1720.14
"Prod010";"Cus010";"Mark003";"2018-06-21";1;1889.0;"INR";0.05;5.1;1799.05
"Prod010";"Cus010";"Mark003";"2018-07-18";1;472.0;"INR";0.33;33.66;354.89
"Prod010";"Cus003";"Mark003";"2018-07-18";1;1352.0;"INR";0.21;21.42;1117.36
"Prod010";"Cus012";"Mark003";"2018-07-19";1;1616.0;"INR";0.39;39.78;1162.59
"Prod010";"Cus003";"Mark003";"2018-07-19";1;449.0;"INR";-0.28;-28.56;623.61
"Prod010";"Cus003";"Mark003";"2018-07-23";1;1801.0;"INR";-0.33;-33.66;2688.06
"Prod010";"Cus003";"Mark003";"2018-07-30";1;1801.0;"INR";-0.19;-19.38;2223.46
"Prod010";"Cus003";"Mark003";"2019-01-25";1;449.0;"INR";-0.21;-21.42;568.35
"Prod010";"Cus003";"Mark003";"2019-02-04";1;449.0;"INR";0.16;16.32;387.07
"Prod010";"Cus003";"Mark003";"2019-02-20";1;449.0;"INR";0.15;15.3;390.43
"Prod010";"Cus003";"Mark003";"2019-03-13";1;444.0;"INR";0.12;12.24;396.43
"Prod010";"Cus003";"Mark003";"2019-03-28";1;444.0;"INR";-0.04;-4.08;462.5
"Prod010";"Cus003";"Mark003";"2019-04-30";1;0.0;"INR";-0.26;-26.52;0.0
"Prod011";"Cus016";"Mark002";"2017-10-06";1;505.0;"INR";-0.23;-23.46;655.84
"Prod011";"Cus016";"Mark002";"2017-10-13";1;1514.0;"INR";0.16;16.32;1305.17
"Prod011";"Cus016";"Mark002";"2017-10-20";1;2023.0;"INR";-0.09;-9.18;2223.08
"Prod011";"Cus016";"Mark002";"2017-10-27";25;37889.0;"INR";-0.02;-2.04;1546.49
"Prod011";"Cus016";"Mark002";"2018-02-08";1;593.0;"INR";0.22;22.44;486.07
"Prod011";"Cus007";"Mark004";"2018-02-16";1;597.0;"INR";-0.14;-14.28;694.19
"Prod011";"Cus007";"Mark004";"2018-02-26";1;2389.0;"INR";0.27;27.54;1881.1
"Prod011";"Cus016";"Mark002";"2018-03-01";1;593.0;"INR";-0.35;-35.7;912.31
"Prod011";"Cus007";"Mark004";"2018-03-02";1;1194.0;"INR";-0.1;-10.2;1326.67
"Prod011";"Cus007";"Mark004";"2018-03-05";8;13736.0;"INR";0.02;2.04;1683.33
"Prod011";"Cus007";"Mark004";"2018-03-12";1;1194.0;"INR";0.02;2.04;1170.59
"Prod011";"Cus007";"Mark004";"2018-04-03";1;597.0;"INR";0.31;31.62;455.73
"Prod011";"Cus007";"Mark004";"2018-04-09";1;597.0;"INR";-0.01;-1.02;603.03
"Prod011";"Cus007";"Mark004";"2018-04-13";1;597.0;"INR";0.37;37.74;435.77
"Prod011";"Cus017";"Mark007";"2018-04-24";17;17472.0;"INR";-0.22;-22.44;1317.65
"Prod011";"Cus007";"Mark004";"2018-04-26";2;2986.0;"INR";-0.13;-13.26;1716.09
"Prod011";"Cus007";"Mark004";"2018-04-27";2;2986.0;"INR";-0.08;-8.16;1622.83
"Prod011";"Cus007";"Mark004";"2018-05-07";1;597.0;"INR";-0.01;-1.02;603.03
"Prod011";"Cus007";"Mark004";"2018-05-14";1;1194.0;"INR";-0.11;-11.22;1341.57
"Prod011";"Cus007";"Mark004";"2018-05-18";1;796.0;"INR";0.08;8.16;737.04
"Prod011";"Cus017";"Mark007";"2018-05-31";26;26722.0;"INR";0.02;2.04;1007.62
"Prod011";"Cus007";"Mark004";"2018-06-11";1;796.0;"INR";0.4;40.8;568.57
"Prod011";"Cus007";"Mark004";"2018-06-13";1;796.0;"INR";-0.11;-11.22;894.38
"Prod011";"Cus007";"Mark004";"2018-06-14";1;3185.0;"INR";-0.06;-6.12;3388.3
"Prod011";"Cus007";"Mark004";"2018-06-18";1;796.0;"INR";0.18;18.36;674.58
"Prod011";"Cus007";"Mark004";"2018-06-22";1;2389.0;"INR";-0.03;-3.06;2462.89
"Prod011";"Cus007";"Mark004";"2018-06-29";1;3185.0;"INR";0.13;13.26;2818.58
"Prod011";"Cus007";"Mark004";"2018-07-09";2;5574.0;"INR";-0.19;-19.38;3440.74
"Prod011";"Cus007";"Mark004";"2018-07-13";1;796.0;"INR";0.27;27.54;626.77
"Prod011";"Cus007";"Mark004";"2018-07-20";1;796.0;"INR";0.01;1.02;788.12
"Prod011";"Cus007";"Mark004";"2018-07-27";1;796.0;"INR";-0.04;-4.08;829.17
"Prod011";"Cus007";"Mark004";"2018-08-03";1;1593.0;"INR";0.39;39.78;1146.04
"Prod011";"Cus016";"Mark002";"2018-10-12";1;514.0;"INR";0.39;39.78;369.78
"Prod011";"Cus007";"Mark004";"2018-10-17";1;4759.0;"INR";0.32;32.64;3605.3
"Prod011";"Cus007";"Mark004";"2018-10-25";1;1190.0;"INR";0.17;17.34;1017.09
"Prod011";"Cus007";"Mark004";"2018-10-26";1;1190.0;"INR";-0.24;-24.48;1565.79
"Prod011";"Cus016";"Mark002";"2018-10-31";3;4106.0;"INR";-0.28;-28.56;1900.93
"Prod011";"Cus007";"Mark004";"2018-11-05";2;5949.0;"INR";0.22;22.44;2438.11
"Prod011";"Cus007";"Mark004";"2018-11-06";2;5949.0;"INR";0.29;29.58;2305.81
"Prod011";"Cus016";"Mark002";"2018-12-07";1;514.0;"INR";0.04;4.08;494.23
"Prod011";"Cus016";"Mark002";"2018-12-14";1;514.0;"INR";0.39;39.78;369.78
"Prod011";"Cus016";"Mark002";"2018-12-21";1;514.0;"INR";0.14;14.28;450.88
"Prod011";"Cus018";"Mark002";"2018-12-28";1;0.0;"INR";0.3;30.6;0.0
"Prod011";"Cus016";"Mark002";"2019-01-28";1;514.0;"INR";-0.27;-27.54;704.11
"Prod011";"Cus016";"Mark002";"2019-02-01";1;514.0;"INR";0.15;15.3;446.96
"Prod011";"Cus016";"Mark002";"2019-02-08";1;1028.0;"INR";0.32;32.64;778.79
"Prod011";"Cus016";"Mark002";"2019-02-15";1;2056.0;"INR";0.22;22.44;1685.25
"Prod011";"Cus007";"Mark004";"2019-02-22";1;796.0;"INR";0.31;31.62;607.63
"Prod011";"Cus016";"Mark002";"2019-02-22";1;1542.0;"INR";0.35;35.7;1142.22
"Prod011";"Cus016";"Mark002";"2019-03-01";1;514.0;"INR";-0.09;-9.18;564.84
"Prod011";"Cus016";"Mark002";"2019-03-08";1;1028.0;"INR";-0.06;-6.12;1093.62
"Prod011";"Cus007";"Mark004";"2019-04-12";1;796.0;"INR";0.25;25.5;636.8
"Prod011";"Cus007";"Mark004";"2019-06-03";1;796.0;"INR";0.26;26.52;631.75
"Prod011";"Cus007";"Mark004";"2019-06-17";1;1593.0;"INR";-0.31;-31.62;2308.7
"Prod011";"Cus007";"Mark004";"2019-06-24";1;796.0;"INR";-0.26;-26.52;1075.68
"Prod011";"Cus011";"Mark003";"2019-07-15";1;611.0;"INR";0.12;12.24;545.54
"Prod011";"Cus016";"Mark002";"2019-08-16";1;1028.0;"INR";0.34;34.68;767.16
"Prod011";"Cus016";"Mark002";"2019-09-27";1;514.0;"INR";-0.31;-31.62;744.93
"Prod011";"Cus016";"Mark002";"2019-10-04";1;514.0;"INR";0.18;18.36;435.59
"Prod011";"Cus016";"Mark002";"2019-10-18";1;514.0;"INR";0.29;29.58;398.45
"Prod011";"Cus007";"Mark004";"2019-10-21";1;796.0;"INR";0.15;15.3;692.17
"Prod011";"Cus007";"Mark004";"2019-10-25";1;796.0;"INR";0.39;39.78;572.66
"Prod011";"Cus016";"Mark002";"2019-11-01";1;514.0;"INR";0.23;23.46;417.89
"Prod011";"Cus007";"Mark004";"2019-11-04";1;796.0;"INR";-0.34;-34.68;1206.06
"Prod011";"Cus007";"Mark004";"2019-11-08";1;1593.0;"INR";0.29;29.58;1234.88
"Prod011";"Cus016";"Mark002";"2019-11-08";1;514.0;"INR";0.11;11.22;463.06
"Prod011";"Cus007";"Mark004";"2019-11-15";1;3185.0;"INR";0.26;26.52;2527.78
"Prod011";"Cus016";"Mark002";"2019-11-15";1;514.0;"INR";0.2;20.4;428.33
"Prod011";"Cus016";"Mark002";"2019-11-18";1;514.0;"INR";0.17;17.34;439.32
"Prod011";"Cus007";"Mark004";"2019-12-06";2;4778.0;"INR";0.0;0.0;2389.0
"Prod011";"Cus016";"Mark002";"2019-12-06";1;514.0;"INR";0.13;13.26;454.87
"Prod011";"Cus007";"Mark004";"2019-12-13";4;10352.0;"INR";-0.34;-34.68;3921.21
"Prod011";"Cus007";"Mark004";"2019-12-20";1;796.0;"INR";0.22;22.44;652.46
"Prod011";"Cus016";"Mark002";"2020-06-12";1;1028.0;"INR";0.37;37.74;750.36
"Prod011";"Cus016";"Mark002";"2020-06-16";1;514.0;"INR";0.16;16.32;443.1
"Prod012";"Cus019";"Mark002";"2018-06-05";33;29648.0;"INR";0.08;8.16;831.87
"Prod013";"Cus001";"Mark001";"2017-10-10";240;143560.0;"INR";-0.28;-28.56;830.79
"Prod013";"Cus005";"Mark004";"2017-10-11";7;6204.0;"INR";-0.11;-11.22;995.83
"Prod013";"Cus007";"Mark004";"2017-10-16";1;495.0;"INR";0.37;37.74;361.31
"Prod013";"Cus006";"Mark004";"2017-10-23";20;25130.0;"INR";0.12;12.24;1121.88
"Prod013";"Cus007";"Mark004";"2017-10-25";1;986.0;"INR";0.39;39.78;709.35
"Prod013";"Cus020";"Mark004";"2017-11-02";13;23898.0;"INR";0.19;19.38;1544.8
"Prod013";"Cus005";"Mark004";"2017-11-03";1;296.0;"INR";0.02;2.04;290.2
"Prod013";"Cus006";"Mark004";"2017-11-08";1;356.0;"INR";0.36;36.72;261.76
"Prod001";"Cus001";"Mark001";"2017-10-10";100;41241.0;"INR";-0.06;-6.12;438.73
"Prod001";"Cus002";"Mark002";"2018-05-08";3;-1.0;"INR";0.27;27.54;-0.26
"Prod002";"Cus003";"Mark003";"2018-04-06";1;875.0;"INR";0.15;15.3;760.87
"Prod002";"Cus003";"Mark003";"2018-04-11";1;583.0;"INR";0.28;28.56;455.47
"Prod002";"Cus004";"Mark003";"2018-06-18";6;7176.0;"INR";0.25;25.5;956.8
"Prod003";"Cus005";"Mark004";"2017-11-20";59;500.0;"INR";-0.28;-28.56;11.77
"Prod003";"Cus005";"Mark004";"2017-11-22";36;250.0;"INR";-0.19;-19.38;8.57
"Prod003";"Cus005";"Mark004";"2017-11-23";39;21412.0;"INR";0.38;38.76;397.84
"Prod003";"Cus005";"Mark004";"2017-11-27";35;19213.0;"INR";-0.25;-25.5;731.92
"Prod003";"Cus005";"Mark004";"2017-11-28";310;170185.0;"INR";0.11;11.22;494.58
"Prod003";"Cus005";"Mark004";"2017-11-29";184;101194.0;"INR";0.15;15.3;478.23
"Prod003";"Cus005";"Mark004";"2017-11-30";35;19213.0;"INR";-0.01;-1.02;554.49
"Prod004";"Cus005";"Mark004";"2017-11-29";17;9426.0;"INR";0.08;8.16;513.4
"Prod004";"Cus005";"Mark004";"2017-12-19";1;218.0;"INR";-0.06;-6.12;231.91
"Prod005";"Cus005";"Mark004";"2018-08-07";5;3093.0;"INR";-0.22;-22.44;793.08
"Prod003";"Cus006";"Mark004";"2017-12-04";58;30306.0;"INR";0.12;12.24;466.53
"Prod005";"Cus006";"Mark004";"2018-06-29";38;52319.0;"INR";0.05;5.1;1311.25
"Prod005";"Cus006";"Mark004";"2018-07-02";93;126296.0;"INR";-0.06;-6.12;1444.7
"Prod005";"Cus006";"Mark004";"2018-07-03";79;107500.0;"INR";-0.34;-34.68;2061.76
"Prod005";"Cus006";"Mark004";"2018-07-04";1;273.0;"INR";-0.09;-9.18;300.0
"Prod005";"Cus006";"Mark004";"2018-07-06";3;3574.0;"INR";0.03;3.06;1156.63
"Prod005";"Cus006";"Mark004";"2018-07-13";1;273.0;"INR";-0.05;-5.1;287.37
"Prod005";"Cus006";"Mark004";"2019-06-07";20;23403.0;"INR";-0.22;-22.44;1500.19
"Prod005";"Cus006";"Mark004";"2019-07-29";81;76329.0;"INR";0.19;19.38;791.88
"Prod005";"Cus006";"Mark004";"2019-08-01";5;4542.0;"INR";0.37;37.74;663.07
"Prod005";"Cus006";"Mark004";"2019-09-19";18;16579.0;"INR";0.1;10.2;837.32
"Prod005";"Cus006";"Mark004";"2019-09-27";90;105301.0;"INR";-0.31;-31.62;1695.67
"Prod004";"Cus007";"Mark004";"2017-10-09";1;185.0;"INR";-0.33;-33.66;276.12
"Prod004";"Cus007";"Mark004";"2017-10-13";1;556.0;"INR";-0.09;-9.18;610.99
"Prod004";"Cus007";"Mark004";"2017-10-27";1;551.0;"INR";-0.29;-29.58;776.06
"Prod004";"Cus007";"Mark004";"2017-11-03";1;167.0;"INR";0.17;17.34;142.74
"Prod004";"Cus007";"Mark004";"2017-11-06";1;333.0;"INR";-0.19;-19.38;411.11
"Prod004";"Cus007";"Mark004";"2017-11-10";1;500.0;"INR";0.17;17.34;427.35
"Prod004";"Cus007";"Mark004";"2017-11-16";1;333.0;"INR";-0.13;-13.26;382.76
"Prod004";"Cus007";"Mark004";"2017-11-17";1;333.0;"INR";-0.18;-18.36;406.1
"Prod004";"Cus007";"Mark004";"2017-11-27";1;500.0;"INR";-0.16;-16.32;595.24
"Prod004";"Cus007";"Mark004";"2017-12-04";1;833.0;"INR";-0.13;-13.26;957.47
"Prod004";"Cus007";"Mark004";"2017-12-08";1;167.0;"INR";0.0;0.0;167.0
"Prod004";"Cus007";"Mark004";"2017-12-11";1;833.0;"INR";-0.33;-33.66;1243.28
"Prod004";"Cus007";"Mark004";"2017-12-18";1;1000.0;"INR";0.2;20.4;833.33
"Prod004";"Cus007";"Mark004";"2017-12-27";2;1833.0;"INR";0.1;10.2;833.18
"Prod004";"Cus007";"Mark004";"2017-12-28";1;167.0;"INR";0.25;25.5;133.6
"Prod004";"Cus007";"Mark004";"2018-01-05";1;167.0;"INR";0.19;19.38;140.34
"Prod004";"Cus007";"Mark004";"2018-01-08";1;833.0;"INR";0.24;24.48;671.77
"Prod004";"Cus007";"Mark004";"2018-01-22";1;167.0;"INR";0.31;31.62;127.48
"Prod004";"Cus007";"Mark004";"2018-02-21";26;10657.0;"INR";0.03;3.06;397.95
"Prod004";"Cus007";"Mark004";"2018-02-23";1;167.0;"INR";-0.05;-5.1;175.79
"Prod005";"Cus007";"Mark004";"2018-08-03";1;157.0;"INR";-0.3;-30.6;224.29
"Prod005";"Cus007";"Mark004";"2018-08-24";1;315.0;"INR";-0.24;-24.48;414.47
"Prod005";"Cus007";"Mark004";"2018-09-21";1;630.0;"INR";0.01;1.02;623.76
"Prod005";"Cus007";"Mark004";"2018-09-28";1;315.0;"INR";-0.31;-31.62;456.52
"Prod005";"Cus007";"Mark004";"2018-11-09";1;157.0;"INR";0.25;25.5;125.6
"Prod005";"Cus007";"Mark004";"2018-11-16";1;472.0;"INR";-0.07;-7.14;507.53
"Prod005";"Cus007";"Mark004";"2018-12-07";1;157.0;"INR";0.31;31.62;119.85
"Prod005";"Cus007";"Mark004";"2018-12-14";1;157.0;"INR";-0.27;-27.54;215.07
"Prod005";"Cus007";"Mark004";"2019-01-25";1;315.0;"INR";-0.17;-17.34;379.52
"Prod005";"Cus007";"Mark004";"2019-02-01";1;157.0;"INR";-0.1;-10.2;174.44
"Prod005";"Cus007";"Mark004";"2019-02-08";1;472.0;"INR";0.12;12.24;421.43
"Prod005";"Cus007";"Mark004";"2019-02-15";1;472.0;"INR";-0.28;-28.56;655.56
"Prod005";"Cus007";"Mark004";"2019-02-22";1;315.0;"INR";-0.14;-14.28;366.28
"Prod005";"Cus007";"Mark004";"2019-03-01";1;472.0;"INR";-0.16;-16.32;561.9
"Prod005";"Cus007";"Mark004";"2019-03-08";1;315.0;"INR";0.02;2.04;308.82
"Prod005";"Cus007";"Mark004";"2019-03-15";1;157.0;"INR";-0.34;-34.68;237.88
"Prod005";"Cus007";"Mark004";"2019-03-22";1;315.0;"INR";0.02;2.04;308.82
"Prod005";"Cus007";"Mark004";"2019-03-29";1;315.0;"INR";0.1;10.2;286.36
"Prod005";"Cus007";"Mark004";"2019-04-05";1;315.0;"INR";0.17;17.34;269.23
"Prod005";"Cus007";"Mark004";"2019-04-12";1;787.0;"INR";0.0;0.0;787.0
"Prod005";"Cus007";"Mark004";"2019-04-23";1;630.0;"INR";-0.08;-8.16;684.78
"Prod005";"Cus007";"Mark004";"2019-04-29";1;472.0;"INR";0.4;40.8;337.14
"Prod005";"Cus007";"Mark004";"2019-05-06";1;315.0;"INR";0.32;32.64;238.64
"Prod005";"Cus007";"Mark004";"2019-05-10";1;787.0;"INR";0.27;27.54;619.69
"Prod005";"Cus007";"Mark004";"2019-05-17";1;1102.0;"INR";0.18;18.36;933.9
"Prod005";"Cus007";"Mark004";"2019-06-03";1;787.0;"INR";0.33;33.66;591.73
"Prod005";"Cus007";"Mark004";"2019-06-07";1;157.0;"INR";0.15;15.3;136.52
"Prod005";"Cus007";"Mark004";"2019-06-17";1;315.0;"INR";0.4;40.8;225.0
"Prod005";"Cus007";"Mark004";"2019-06-24";1;315.0;"INR";-0.27;-27.54;431.51
"Prod005";"Cus007";"Mark004";"2019-06-28";1;315.0;"INR";0.32;32.64;238.64
"Prod005";"Cus007";"Mark004";"2019-07-05";1;472.0;"INR";0.26;26.52;374.6
"Prod005";"Cus007";"Mark004";"2019-07-12";1;630.0;"INR";0.06;6.12;594.34
"Prod005";"Cus007";"Mark004";"2019-07-19";1;944.0;"INR";-0.1;-10.2;1048.89
"Prod005";"Cus007";"Mark004";"2019-07-26";2;1417.0;"INR";0.25;25.5;566.8
"Prod005";"Cus007";"Mark004";"2019-08-02";2;1417.0;"INR";-0.16;-16.32;843.45
"Prod005";"Cus007";"Mark004";"2019-08-09";1;787.0;"INR";0.06;6.12;742.45
"Prod005";"Cus007";"Mark004";"2019-08-16";1;1259.0;"INR";0.21;21.42;1040.5
"Prod005";"Cus007";"Mark004";"2019-09-02";2;1574.0;"INR";0.06;6.12;742.45
"Prod005";"Cus007";"Mark004";"2019-09-03";1;630.0;"INR";-0.15;-15.3;741.18
"Prod005";"Cus007";"Mark004";"2019-09-06";1;157.0;"INR";-0.32;-32.64;230.88
"Prod005";"Cus007";"Mark004";"2019-09-13";2;1417.0;"INR";0.25;25.5;566.8
"Prod005";"Cus007";"Mark004";"2019-09-20";1;630.0;"INR";0.07;7.14;588.79
"Prod005";"Cus007";"Mark004";"2019-09-23";200;66111.0;"INR";-0.13;-13.26;379.95
"Prod005";"Cus007";"Mark004";"2019-09-27";2;1884.0;"INR";0.18;18.36;798.31
"Prod005";"Cus007";"Mark004";"2019-10-07";1;944.0;"INR";-0.1;-10.2;1048.89
"Prod005";"Cus007";"Mark004";"2019-10-28";7;2574.0;"INR";-0.06;-6.12;391.19
"Prod005";"Cus007";"Mark004";"2019-11-08";1;630.0;"INR";-0.28;-28.56;875.0
"Prod005";"Cus007";"Mark004";"2019-11-15";1;472.0;"INR";-0.07;-7.14;507.53
"Prod005";"Cus007";"Mark004";"2019-11-22";1;944.0;"INR";-0.3;-30.6;1348.57
"Prod005";"Cus007";"Mark004";"2019-11-29";2;1417.0;"INR";0.02;1.3;694.61
"Prod005";"Cus007";"Mark004";"2019-12-06";1;1259.0;"INR";-0.22;-14.3;1614.1
"Prod005";"Cus007";"Mark004";"2019-12-13";4;3773.0;"INR";0.39;25.35;678.6
"Prod005";"Cus007";"Mark004";"2019-12-20";1;315.0;"INR";0.4;26.0;225.0
"Prod005";"Cus007";"Mark004";"2020-01-09";1;630.0;"INR";-0.32;-20.8;926.47
"Prod005";"Cus007";"Mark004";"2020-01-10";1;472.0;"INR";0.26;16.9;374.6
"Prod005";"Cus007";"Mark004";"2020-01-17";2;2042.0;"INR";-0.09;-5.85;1121.98
"Prod005";"Cus007";"Mark004";"2020-02-07";1;417.0;"INR";-0.17;-11.05;502.41
"Prod005";"Cus007";"Mark004";"2020-02-14";1;310.0;"INR";-0.11;-7.15;348.31
"Prod005";"Cus007";"Mark004";"2020-02-28";1;208.0;"INR";-0.29;-18.85;292.96
"Prod005";"Cus007";"Mark004";"2020-03-06";1;620.0;"INR";-0.2;-13.0;775.0
"Prod005";"Cus007";"Mark004";"2020-03-13";1;620.0;"INR";-0.34;-22.1;939.39
"Prod005";"Cus007";"Mark004";"2020-04-03";1;829.0;"INR";0.0;0.0;829.0
"Prod005";"Cus007";"Mark004";"2020-04-14";4;2694.0;"INR";-0.14;-9.1;783.14
"Prod005";"Cus007";"Mark004";"2020-04-20";1;102.0;"INR";-0.25;-16.25;136.0
"Prod005";"Cus007";"Mark004";"2020-05-15";2;528.0;"INR";-0.25;-16.25;352.0
"Prod006";"Cus005";"Mark004";"2017-10-24";1;380.0;"INR";0.25;16.25;304.0
"Prod006";"Cus007";"Mark004";"2017-10-25";1;560.0;"INR";-0.28;-18.2;777.78
"Prod006";"Cus007";"Mark004";"2017-10-30";1;560.0;"INR";-0.18;-11.7;682.93
"Prod006";"Cus007";"Mark004";"2017-11-27";1;1116.0;"INR";-0.04;-2.6;1162.5
"Prod006";"Cus008";"Mark005";"2017-12-11";1;657.0;"INR";0.2;13.0;547.5
"Prod006";"Cus007";"Mark004";"2017-12-12";1;560.0;"INR";-0.33;-21.45;835.82
"Prod006";"Cus008";"Mark005";"2017-12-19";1;657.0;"INR";0.24;15.6;529.84
"Prod006";"Cus007";"Mark004";"2018-02-12";1;560.0;"INR";-0.33;-21.45;835.82
"Prod007";"Cus007";"Mark004";"2018-10-19";11;6218.0;"INR";0.34;22.1;421.85
"Prod008";"Cus007";"Mark004";"2017-11-20";7;2426.0;"INR";-0.29;-18.85;488.13
"Prod008";"Cus007";"Mark004";"2017-11-24";33;15278.0;"INR";-0.09;-5.85;508.76
"Prod009";"Cus009";"Mark002";"2018-11-14";3;3032.0;"INR";0.29;18.85;783.46
"Prod009";"Cus010";"Mark003";"2019-05-22";2;3194.0;"INR";0.1;6.5;1451.82
"Prod009";"Cus010";"Mark003";"2019-05-23";1;912.0;"INR";-0.18;-11.7;1112.2
"Prod009";"Cus010";"Mark003";"2019-05-28";1;1824.0;"INR";0.14;9.1;1600.0
"Prod009";"Cus010";"Mark003";"2019-05-29";1;458.0;"INR";-0.05;-3.25;482.11
"Prod009";"Cus003";"Mark003";"2019-05-31";3;4444.0;"INR";0.03;1.95;1438.19
"Prod009";"Cus010";"Mark003";"2019-06-03";1;458.0;"INR";0.15;9.75;398.26
"Prod009";"Cus010";"Mark003";"2019-06-04";1;458.0;"INR";-0.18;-11.7;558.54
"Prod009";"Cus010";"Mark003";"2019-06-05";1;1824.0;"INR";-0.32;-20.8;2682.35
"Prod009";"Cus003";"Mark003";"2019-06-05";2;2667.0;"INR";-0.21;-13.65;1687.97
"Prod009";"Cus010";"Mark003";"2019-06-06";14;19171.0;"INR";-0.21;-13.65;1733.36
"Prod009";"Cus010";"Mark003";"2019-06-07";1;458.0;"INR";0.4;26.0;327.14
"Prod009";"Cus010";"Mark003";"2019-06-11";1;458.0;"INR";0.39;25.35;329.5
"Prod009";"Cus010";"Mark003";"2019-06-12";1;458.0;"INR";0.13;8.45;405.31
"Prod009";"Cus010";"Mark003";"2019-06-14";1;1370.0;"INR";0.31;20.15;1045.8
"Prod009";"Cus003";"Mark003";"2019-06-14";2;2667.0;"INR";-0.1;-6.5;1481.67
"Prod009";"Cus003";"Mark003";"2019-06-17";1;1333.0;"INR";-0.11;-7.15;1497.75
"Prod009";"Cus011";"Mark003";"2019-06-18";1;597.0;"INR";-0.3;-19.5;852.86
"Prod009";"Cus003";"Mark003";"2019-06-18";7;8889.0;"INR";-0.28;-18.2;1763.69
"Prod009";"Cus003";"Mark003";"2019-06-19";1;1778.0;"INR";0.37;24.05;1297.81
"Prod009";"Cus010";"Mark003";"2019-06-28";7;9130.0;"INR";0.19;12.35;1096.04
"Prod010";"Cus011";"Mark003";"2018-04-23";1;602.0;"INR";0.27;17.55;474.02
"Prod010";"Cus012";"Mark003";"2018-05-03";2;3227.0;"INR";-0.15;-9.75;1898.24
"Prod010";"Cus003";"Mark003";"2018-05-04";1;449.0;"INR";-0.05;-3.25;472.63
"Prod010";"Cus003";"Mark003";"2018-05-07";1;449.0;"INR";-0.28;-18.2;623.61
"Prod010";"Cus003";"Mark003";"2018-05-09";1;449.0;"INR";0.21;13.65;371.07
"Prod010";"Cus003";"Mark003";"2018-05-11";1;449.0;"INR";-0.22;-14.3;575.64
"Prod010";"Cus013";"Mark003";"2018-05-11";7;9880.0;"INR";-0.18;-11.7;1721.25
"Prod010";"Cus011";"Mark003";"2018-05-16";1;301.0;"INR";-0.07;-4.55;323.66
"Prod010";"Cus014";"Mark003";"2018-05-16";6;7954.0;"INR";-0.32;-20.8;1949.51
"Prod010";"Cus012";"Mark003";"2018-05-17";1;2153.0;"INR";0.21;13.65;1779.34
"Prod010";"Cus014";"Mark003";"2018-05-17";4;5306.0;"INR";0.34;22.1;989.93
"Prod010";"Cus003";"Mark003";"2018-05-18";1;1801.0;"INR";-0.01;-0.65;1819.19
"Prod010";"Cus003";"Mark003";"2018-05-23";2;2699.0;"INR";0.04;2.6;1297.6
"Prod010";"Cus012";"Mark003";"2018-05-24";1;1616.0;"INR";0.21;13.65;1335.54
"Prod010";"Cus003";"Mark003";"2018-05-25";2;2245.0;"INR";0.13;8.45;993.36
"Prod010";"Cus015";"Mark006";"2018-05-26";1;0.0;"INR";-0.3;-19.5;0.0
"Prod010";"Cus003";"Mark003";"2018-05-28";1;903.0;"INR";-0.25;-16.25;1204.0
"Prod010";"Cus014";"Mark003";"2018-05-29";4;5306.0;"INR";-0.09;-5.85;1457.69
"Prod010";"Cus010";"Mark003";"2018-05-30";3;3778.0;"INR";0.02;1.3;1234.64
"Prod010";"Cus012";"Mark003";"2018-05-31";1;537.0;"INR";-0.33;-21.45;801.49
"Prod010";"Cus010";"Mark003";"2018-05-31";1;1417.0;"INR";0.13;8.45;1253.98
"Prod010";"Cus014";"Mark003";"2018-05-31";4;5306.0;"INR";-0.08;-5.2;1441.85
"Prod010";"Cus010";"Mark003";"2018-06-01";1;472.0;"INR";-0.24;-15.6;621.05
"Prod010";"Cus003";"Mark003";"2018-06-01";3;4051.0;"INR";-0.27;-17.55;1849.77
"Prod010";"Cus013";"Mark003";"2018-06-01";10;14815.0;"INR";0.24;15.6;1194.76
"Prod010";"Cus003";"Mark003";"2018-06-06";3;4495.0;"INR";-0.1;-6.5;1664.81
"Prod010";"Cus012";"Mark003";"2018-06-07";2;2690.0;"INR";0.36;23.4;988.97
"Prod010";"Cus010";"Mark003";"2018-06-07";1;1417.0;"INR";-0.08;-5.2;1540.22
"Prod010";"Cus003";"Mark003";"2018-06-08";1;449.0;"INR";0.18;11.7;380.51
"Prod010";"Cus014";"Mark003";"2018-06-08";18;23866.0;"INR";0.33;21.45;996.91
"Prod010";"Cus003";"Mark003";"2018-06-11";1;898.0;"INR";0.33;21.45;675.19
"Prod010";"Cus013";"Mark003";"2018-06-11";3;4940.0;"INR";0.07;4.55;1538.94
"Prod010";"Cus003";"Mark003";"2018-06-13";1;449.0;"INR";0.26;16.9;356.35
"Prod010";"Cus012";"Mark003";"2018-06-14";1;2153.0;"INR";0.07;4.55;2012.15
"Prod010";"Cus010";"Mark003";"2018-06-14";1;472.0;"INR";0.37;24.05;344.53
"Prod010";"Cus003";"Mark003";"2018-06-14";1;449.0;"INR";-0.11;-7.15;504.49
"Prod010";"Cus014";"Mark003";"2018-06-14";4;5306.0;"INR";0.4;26.0;947.5
"Prod010";"Cus003";"Mark003";"2018-06-15";3;3602.0;"INR";0.06;3.9;1132.7
"Prod010";"Cus011";"Mark003";"2018-06-18";4;3583.0;"INR";-0.28;-18.2;1244.1
"Prod010";"Cus003";"Mark003";"2018-06-18";4;4954.0;"INR";0.1;6.5;1125.91
"Prod010";"Cus010";"Mark003";"2018-06-21";1;1889.0;"INR";0.04;2.6;1816.35
"Prod010";"Cus010";"Mark003";"2018-07-18";1;472.0;"INR";-0.22;-14.3;605.13
"Prod010";"Cus003";"Mark003";"2018-07-18";1;1352.0;"INR";-0.28;-18.2;1877.78
"Prod010";"Cus012";"Mark003";"2018-07-19";1;1616.0;"INR";-0.12;-7.8;1836.36
"Prod010";"Cus003";"Mark003";"2018-07-19";1;449.0;"INR";-0.1;-6.5;498.89
"Prod010";"Cus003";"Mark003";"2018-07-23";1;1801.0;"INR";0.21;13.65;1488.43
"Prod010";"Cus003";"Mark003";"2018-07-30";1;1801.0;"INR";-0.03;-1.95;1856.7
"Prod010";"Cus003";"Mark003";"2019-01-25";1;449.0;"INR";0.34;22.1;335.07
"Prod010";"Cus003";"Mark003";"2019-02-04";1;449.0;"INR";0.01;0.65;444.55
"Prod010";"Cus003";"Mark003";"2019-02-20";1;449.0;"INR";0.21;13.65;371.07
"Prod010";"Cus003";"Mark003";"2019-03-13";1;444.0;"INR";0.03;1.95;431.07
"Prod010";"Cus003";"Mark003";"2019-03-28";1;444.0;"INR";0.24;15.6;358.06
"Prod010";"Cus003";"Mark003";"2019-04-30";1;0.0;"INR";0.18;11.7;0.0
"Prod011";"Cus016";"Mark002";"2017-10-06";1;505.0;"INR";-0.2;-13.0;631.25
"Prod011";"Cus016";"Mark002";"2017-10-13";1;1514.0;"INR";0.25;16.25;1211.2
"Prod011";"Cus016";"Mark002";"2017-10-20";1;2023.0;"INR";-0.31;-20.15;2931.88
"Prod011";"Cus016";"Mark002";"2017-10-27";25;37889.0;"INR";-0.17;-11.05;1825.98
"Prod011";"Cus016";"Mark002";"2018-02-08";1;593.0;"INR";-0.05;-3.25;624.21
"Prod011";"Cus007";"Mark004";"2018-02-16";1;597.0;"INR";0.11;7.15;537.84
"Prod011";"Cus007";"Mark004";"2018-02-26";1;2389.0;"INR";-0.19;-12.35;2949.38
"Prod011";"Cus016";"Mark002";"2018-03-01";1;593.0;"INR";-0.26;-16.9;801.35
"Prod011";"Cus007";"Mark004";"2018-03-02";1;1194.0;"INR";0.03;1.95;1159.22
"Prod011";"Cus007";"Mark004";"2018-03-05";8;13736.0;"INR";-0.28;-18.2;2384.72
"Prod011";"Cus007";"Mark004";"2018-03-12";1;1194.0;"INR";0.33;21.45;897.74
"Prod011";"Cus007";"Mark004";"2018-04-03";1;597.0;"INR";-0.27;-17.55;817.81
"Prod011";"Cus007";"Mark004";"2018-04-09";1;597.0;"INR";0.06;3.9;563.21
"Prod011";"Cus007";"Mark004";"2018-04-13";1;597.0;"INR";0.36;23.4;438.97
"Prod011";"Cus017";"Mark007";"2018-04-24";17;17472.0;"INR";0.01;0.65;1017.59
"Prod011";"Cus007";"Mark004";"2018-04-26";2;2986.0;"INR";0.32;20.8;1131.06
"Prod011";"Cus007";"Mark004";"2018-04-27";2;2986.0;"INR";0.31;20.15;1139.69
"Prod011";"Cus007";"Mark004";"2018-05-07";1;597.0;"INR";0.15;9.75;519.13
"Prod011";"Cus007";"Mark004";"2018-05-14";1;1194.0;"INR";-0.18;-11.7;1456.1
"Prod011";"Cus007";"Mark004";"2018-05-18";1;796.0;"INR";-0.05;-3.25;837.89
"Prod011";"Cus017";"Mark007";"2018-05-31";26;26722.0;"INR";-0.18;-11.7;1253.38
"Prod011";"Cus007";"Mark004";"2018-06-11";1;796.0;"INR";0.19;12.35;668.91
"Prod011";"Cus007";"Mark004";"2018-06-13";1;796.0;"INR";-0.08;-5.2;865.22
"Prod011";"Cus007";"Mark004";"2018-06-14";1;3185.0;"INR";-0.25;-16.25;4246.67
"Prod011";"Cus007";"Mark004";"2018-06-18";1;796.0;"INR";-0.1;-6.5;884.44
"Prod011";"Cus007";"Mark004";"2018-06-22";1;2389.0;"INR";0.4;26.0;1706.43
"Prod011";"Cus007";"Mark004";"2018-06-29";1;3185.0;"INR";-0.26;-16.9;4304.05
"Prod011";"Cus007";"Mark004";"2018-07-09";2;5574.0;"INR";0.1;6.5;2533.64
"Prod011";"Cus007";"Mark004";"2018-07-13";1;796.0;"INR";-0.35;-22.75;1224.62
"Prod011";"Cus007";"Mark004";"2018-07-20";1;796.0;"INR";-0.09;-5.85;874.73
"Prod011";"Cus007";"Mark004";"2018-07-27";1;796.0;"INR";0.36;23.4;585.29
"Prod011";"Cus007";"Mark004";"2018-08-03";1;1593.0;"INR";-0.07;-4.55;1712.9
"Prod011";"Cus016";"Mark002";"2018-10-12";1;514.0;"INR";-0.31;-20.15;744.93
"Prod011";"Cus007";"Mark004";"2018-10-17";1;4759.0;"INR";-0.1;-6.5;5287.78
"Prod011";"Cus007";"Mark004";"2018-10-25";1;1190.0;"INR";-0.21;-13.65;1506.33
"Prod011";"Cus007";"Mark004";"2018-10-26";1;1190.0;"INR";0.05;3.25;1133.33
"Prod011";"Cus016";"Mark002";"2018-10-31";3;4106.0;"INR";0.11;7.15;1233.03
"Prod011";"Cus007";"Mark004";"2018-11-05";2;5949.0;"INR";-0.34;-22.1;4506.82
"Prod011";"Cus007";"Mark004";"2018-11-06";2;5949.0;"INR";-0.18;-11.7;3627.44
"Prod011";"Cus016";"Mark002";"2018-12-07";1;514.0;"INR";0.3;19.5;395.38
"Prod011";"Cus016";"Mark002";"2018-12-14";1;514.0;"INR";0.0;0.0;514.0
"Prod011";"Cus016";"Mark002";"2018-12-21";1;514.0;"INR";-0.03;-1.95;529.9
"Prod011";"Cus018";"Mark002";"2018-12-28";1;0.0;"INR";0.27;17.55;0.0
"Prod011";"Cus016";"Mark002";"2019-01-28";1;514.0;"INR";-0.22;-14.3;658.97
"Prod011";"Cus016";"Mark002";"2019-02-01";1;514.0;"INR";0.05;3.25;489.52
"Prod011";"Cus016";"Mark002";"2019-02-08";1;1028.0;"INR";0.18;11.7;871.19
"Prod011";"Cus016";"Mark002";"2019-02-15";1;2056.0;"INR";0.3;19.5;1581.54
"Prod011";"Cus007";"Mark004";"2019-02-22";1;796.0;"INR";-0.31;-20.15;1153.62
"Prod011";"Cus016";"Mark002";"2019-02-22";1;1542.0;"INR";-0.24;-15.6;2028.95
"Prod011";"Cus016";"Mark002";"2019-03-01";1;514.0;"INR";-0.24;-15.6;676.32
"Prod011";"Cus016";"Mark002";"2019-03-08";1;1028.0;"INR";0.27;17.55;809.45
"Prod011";"Cus007";"Mark004";"2019-04-12";1;796.0;"INR";0.29;18.85;617.05
"Prod011";"Cus007";"Mark004";"2019-06-03";1;796.0;"INR";0.05;3.25;758.1
"Prod011";"Cus007";"Mark004";"2019-06-17";1;1593.0;"INR";0.3;19.5;1225.38
"Prod011";"Cus007";"Mark004";"2019-06-24";1;796.0;"INR";0.14;9.1;698.25
"Prod011";"Cus011";"Mark003";"2019-07-15";1;611.0;"INR";-0.26;-16.9;825.68
"Prod011";"Cus016";"Mark002";"2019-08-16";1;1028.0;"INR";0.03;1.95;998.06
"Prod011";"Cus016";"Mark002";"2019-09-27";1;514.0;"INR";0.06;3.9;484.91
"Prod011";"Cus016";"Mark002";"2019-10-04";1;514.0;"INR";0.04;2.6;494.23
"Prod011";"Cus016";"Mark002";"2019-10-18";1;514.0;"INR";-0.13;-8.45;590.8
"Prod011";"Cus007";"Mark004";"2019-10-21";1;796.0;"INR";-0.35;-22.75;1224.62
"Prod011";"Cus007";"Mark004";"2019-10-25";1;796.0;"INR";-0.3;-19.5;1137.14
"Prod011";"Cus016";"Mark002";"2019-11-01";1;514.0;"INR";-0.04;-2.6;535.42
"Prod011";"Cus007";"Mark004";"2019-11-04";1;796.0;"INR";0.22;14.3;652.46
"Prod011";"Cus007";"Mark004";"2019-11-08";1;1593.0;"INR";0.4;26.0;1137.86
"Prod011";"Cus016";"Mark002";"2019-11-08";1;514.0;"INR";-0.11;-7.15;577.53
"Prod011";"Cus007";"Mark004";"2019-11-15";1;3185.0;"INR";0.36;23.4;2341.91
"Prod011";"Cus016";"Mark002";"2019-11-15";1;514.0;"INR";-0.31;-20.15;744.93
"Prod011";"Cus016";"Mark002";"2019-11-18";1;514.0;"INR";0.29;18.85;398.45
"Prod011";"Cus007";"Mark004";"2019-12-06";2;4778.0;"INR";-0.25;-16.25;3185.33
"Prod011";"Cus016";"Mark002";"2019-12-06";1;514.0;"INR";0.09;5.85;471.56
"Prod011";"Cus007";"Mark004";"2019-12-13";4;10352.0;"INR";0.23;14.95;2104.07
"Prod011";"Cus007";"Mark004";"2019-12-20";1;796.0;"INR";-0.04;-2.6;829.17
"Prod011";"Cus016";"Mark002";"2020-06-12";1;1028.0;"INR";-0.07;-4.55;1105.38
"Prod011";"Cus016";"Mark002";"2020-06-16";1;514.0;"INR";0.39;25.35;369.78
"Prod012";"Cus019";"Mark002";"2018-06-05";33;29648.0;"INR";0.12;7.8;802.16
"Prod013";"Cus001";"Mark001";"2017-10-10";240;143560.0;"INR";0.29;18.85;463.7
"Prod013";"Cus005";"Mark004";"2017-10-11";7;6204.0;"INR";0.22;14.3;726.46
"Prod013";"Cus007";"Mark004";"2017-10-16";1;495.0;"INR";0.21;13.65;409.09
"Prod013";"Cus006";"Mark004";"2017-10-23";20;25130.0;"INR";0.37;24.05;917.15
"Prod013";"Cus007";"Mark004";"2017-10-25";1;986.0;"INR";0.35;22.75;730.37
"Prod013";"Cus020";"Mark004";"2017-11-02";13;23898.0;"INR";-0.33;-21.45;2743.74
"Prod013";"Cus005";"Mark004";"2017-11-03";1;296.0;"INR";-0.29;-18.85;416.9
"Prod013";"Cus006";"Mark004";"2017-11-08";1;356.0;"INR";0.17;11.05;304.27
"Prod013";"Cus007";"Mark004";"2017-11-14";1;1977.0;"INR";0.34;22.1;1475.37
"Prod013";"Cus005";"Mark004";"2017-11-22";1;296.0;"INR";0.25;16.25;236.8
"Prod013";"Cus006";"Mark004";"2017-11-22";7;8375.0;"INR";-0.22;-14.3;1533.88
"Prod013";"Cus020";"Mark004";"2017-12-05";4;7171.0;"INR";0.09;5.85;1644.72
"Prod013";"Cus006";"Mark004";"2017-12-15";1;356.0;"INR";0.19;12.35;299.16
"Prod013";"Cus006";"Mark004";"2018-01-15";1;356.0;"INR";-0.26;-16.9;481.08
"Prod013";"Cus006";"Mark004";"2018-01-22";7;8375.0;"INR";-0.33;-21.45;1785.71
"Prod013";"Cus007";"Mark004";"2018-02-06";208;77931.0;"INR";0.02;1.3;367.32
"Prod013";"Cus007";"Mark004";"2018-02-08";105;40704.0;"INR";0.29;18.85;300.51
"Prod013";"Cus007";"Mark004";"2018-02-09";125;47074.0;"INR";-0.32;-20.8;553.81
"Prod013";"Cus007";"Mark004";"2018-02-14";10;4028.0;"INR";-0.3;-19.5;575.43
"Prod013";"Cus002";"Mark002";"2018-04-24";33;30167.0;"INR";0.12;7.8;816.21
"Prod013";"Cus007";"Mark004";"2018-05-24";6;1968.0;"INR";0.21;13.65;271.07
"Prod014";"Cus007";"Mark004";"2017-11-20";3;1366.0;"INR";-0.16;-10.4;542.06
"Prod014";"Cus007";"Mark004";"2017-12-01";1;495.0;"INR";0.29;18.85;383.72
"Prod014";"Cus007";"Mark004";"2018-03-22";17;6713.0;"INR";-0.11;-7.15;443.69
"Prod015";"Cus007";"Mark004";"2018-05-18";57;27708.0;"INR";-0.21;-13.65;615.32
"Prod016";"Cus007";"Mark004";"2017-10-13";1;537.0;"INR";-0.24;-15.6;706.58
"Prod016";"Cus005";"Mark004";"2017-10-17";7;7644.0;"INR";-0.27;-17.55;1495.89
"Prod016";"Cus005";"Mark004";"2017-11-21";1;157.0;"INR";-0.14;-9.1;182.56
"Prod016";"Cus007";"Mark004";"2017-11-24";8;10972.0;"INR";0.36;23.4;1008.46
"Prod016";"Cus007";"Mark004";"2017-12-01";1;1218.0;"INR";-0.12;-7.8;1384.09
"Prod016";"Cus007";"Mark004";"2017-12-04";9;13407.0;"INR";0.23;14.95;1211.11
"Prod016";"Cus005";"Mark006";"2018-01-10";5;0.0;"INR";-0.14;-9.1;0.0
"Prod016";"Cus007";"Mark004";"2018-01-12";1;245.0;"INR";-0.01;-0.65;247.47
"Prod016";"Cus007";"Mark004";"2018-02-22";1;245.0;"INR";-0.15;-9.75;288.24
"Prod016";"Cus001";"Mark001";"2018-06-28";187;115481.0;"INR";0.37;24.05;450.76
"Prod016";"Cus006";"Mark004";"2018-06-29";38;78986.0;"INR";0.09;5.85;1906.95
"Prod016";"Cus006";"Mark004";"2018-07-02";119;245546.0;"INR";-0.24;-15.6;2715.02
"Prod016";"Cus006";"Mark004";"2018-07-03";79;162292.0;"INR";-0.21;-13.65;2600.42
"Prod016";"Cus006";"Mark004";"2018-07-04";1;412.0;"INR";-0.15;-9.75;484.71
"Prod016";"Cus006";"Mark004";"2018-07-06";5;7981.0;"INR";0.1;6.5;1451.09
"Prod016";"Cus006";"Mark004";"2018-07-11";19;27505.0;"INR";-0.33;-21.45;2160.64
"Prod016";"Cus021";"Mark005";"2018-07-13";173;145921.0;"INR";0.29;18.85;653.86
"Prod016";"Cus006";"Mark004";"2018-07-13";1;546.0;"INR";-0.26;-16.9;737.84
"Prod016";"Cus006";"Mark004";"2018-07-19";20;28167.0;"INR";-0.32;-20.8;2071.1
"Prod016";"Cus006";"Mark004";"2018-07-24";23;32764.0;"INR";-0.03;-1.95;1468.58
"Prod016";"Cus006";"Mark004";"2018-07-25";5;6648.0;"INR";-0.02;-1.3;1356.73
"Prod016";"Cus006";"Mark004";"2018-07-26";28;40366.0;"INR";0.16;10.4;1242.8
"Prod016";"Cus006";"Mark004";"2018-07-27";3;4273.0;"INR";-0.17;-11.05;1716.06
"Prod016";"Cus006";"Mark004";"2018-07-31";1;949.0;"INR";-0.22;-14.3;1216.67
"Prod016";"Cus006";"Mark004";"2018-08-01";1;477.0;"INR";0.13;8.45;422.12
"Prod016";"Cus006";"Mark004";"2018-08-02";1;949.0;"INR";0.39;25.35;682.73
"Prod016";"Cus006";"Mark004";"2018-08-03";41;70356.0;"INR";0.22;14.3;1406.56
"Prod016";"Cus005";"Mark004";"2018-08-07";7;6528.0;"INR";0.08;5.2;863.49
"Prod016";"Cus006";"Mark004";"2018-08-07";1;477.0;"INR";-0.35;-22.75;733.85
"Prod016";"Cus006";"Mark004";"2018-08-10";12;19727.0;"INR";-0.22;-14.3;2107.59
"Prod016";"Cus006";"Mark004";"2018-08-15";2;3324.0;"INR";0.27;17.55;1308.66
"Prod016";"Cus007";"Mark004";"2018-09-12";227;103889.0;"INR";-0.15;-9.75;538.42
"Prod016";"Cus007";"Mark004";"2018-09-13";36;18167.0;"INR";0.12;7.8;450.57
"Prod016";"Cus006";"Mark004";"2019-02-06";112;106560.0;"INR";-0.06;-3.9;1012.16
"Prod016";"Cus006";"Mark004";"2019-03-15";50;90130.0;"INR";0.05;3.25;1716.76
"Prod016";"Cus006";"Mark004";"2019-03-22";30;54079.0;"INR";0.04;2.6;1733.3
"Prod016";"Cus021";"Mark005";"2019-05-08";182;153815.0;"INR";-0.15;-9.75;994.28
"Prod016";"Cus005";"Mark004";"2019-05-17";1;306.0;"INR";0.2;13.0;255.0
"Prod016";"Cus021";"Mark005";"2019-07-12";157;132519.0;"INR";0.35;22.75;625.24
"Prod016";"Cus006";"Mark004";"2019-07-29";111;152833.0;"INR";0.35;22.75;1019.91
"Prod016";"Cus006";"Mark004";"2019-08-01";7;10144.0;"INR";0.22;14.3;1187.82
"Prod016";"Cus006";"Mark004";"2019-08-28";7;8991.0;"INR";-0.11;-7.15;1443.18
"Prod016";"Cus007";"Mark004";"2019-09-06";1;1218.0;"INR";0.36;23.4;895.59
"Prod016";"Cus007";"Mark004";"2019-09-13";1;1708.0;"INR";0.19;12.35;1435.29
"Prod016";"Cus007";"Mark004";"2019-09-19";177;79676.0;"INR";-0.04;-2.6;468.9
"Prod016";"Cus007";"Mark004";"2019-09-20";1;486.0;"INR";0.01;0.65;481.19
"Prod016";"Cus006";"Mark004";"2019-10-10";18;25356.0;"INR";-0.08;-5.2;1531.16
"Prod016";"Cus006";"Mark004";"2019-11-07";13;17519.0;"INR";-0.09;-5.85;1480.9
"Prod016";"Cus007";"Mark004";"2019-11-29";4;6338.0;"INR";0.23;14.95;1288.21
"Prod017";"Cus022";"Mark002";"2017-10-05";4;9190.0;"INR";0.22;14.3;1883.2
"Prod017";"Cus016";"Mark002";"2017-10-06";4;8384.0;"INR";0.36;23.4;1541.18
"Prod017";"Cus016";"Mark002";"2017-10-12";2;4889.0;"INR";-0.04;-2.6;2546.35
"Prod017";"Cus016";"Mark002";"2017-10-13";2;3495.0;"INR";0.22;14.3;1432.38
"Prod017";"Cus023";"Mark002";"2017-10-13";1;2065.0;"INR";0.15;9.75;1795.65
"Prod017";"Cus023";"Mark002";"2017-10-25";1;1380.0;"INR";0.03;1.95;1339.81
"Prod017";"Cus016";"Mark002";"2017-10-27";6;11870.0;"INR";0.02;1.3;1939.54
"Prod017";"Cus016";"Mark002";"2017-11-03";6;12574.0;"INR";0.0;0.0;2095.67
"Prod017";"Cus016";"Mark002";"2017-11-06";1;2796.0;"INR";0.4;26.0;1997.14
"Prod017";"Cus016";"Mark002";"2017-11-10";2;4889.0;"INR";0.06;3.9;2306.13
"Prod017";"Cus016";"Mark002";"2017-11-17";1;2792.0;"INR";-0.1;-6.5;3102.22
"Prod017";"Cus023";"Mark002";"2017-11-20";33;68898.0;"INR";0.13;8.45;1847.63
"Prod017";"Cus016";"Mark002";"2017-11-23";1;2792.0;"INR";0.23;14.95;2269.92
"Prod017";"Cus016";"Mark002";"2017-11-24";3;6991.0;"INR";-0.29;-18.85;3282.16
"Prod017";"Cus024";"Mark002";"2017-11-27";1;681.0;"INR";0.32;20.8;515.91
"Prod017";"Cus023";"Mark002";"2017-11-30";22;44782.0;"INR";0.27;17.55;1602.79
"Prod017";"Cus016";"Mark002";"2017-12-01";13;26537.0;"INR";-0.1;-6.5;2268.12
"Prod017";"Cus023";"Mark002";"2017-12-06";2;3444.0;"INR";-0.03;-1.95;1775.26
"Prod017";"Cus016";"Mark002";"2017-12-07";2;4190.0;"INR";-0.05;-3.25;2205.26
"Prod017";"Cus023";"Mark002";"2017-12-07";1;2755.0;"INR";0.19;12.35;2315.13
"Prod017";"Cus016";"Mark002";"2017-12-08";9;18852.0;"INR";0.18;11.7;1775.14
"Prod017";"Cus023";"Mark002";"2017-12-12";1;1380.0;"INR";0.02;1.3;1352.94
"Prod017";"Cus016";"Mark002";"2017-12-14";3;6287.0;"INR";-0.26;-16.9;2831.98
"Prod017";"Cus016";"Mark002";"2017-12-15";20;41199.0;"INR";0.09;5.85;1889.86
"Prod017";"Cus024";"Mark002";"2017-12-18";1;1356.0;"INR";0.16;10.4;1168.97
"Prod017";"Cus024";"Mark002";"2017-12-19";1;681.0;"INR";0.19;12.35;572.27
"Prod017";"Cus016";"Mark002";"2017-12-21";3;5588.0;"INR";0.2;13.0;1552.22
"Prod017";"Cus016";"Mark002";"2017-12-22";15;32125.0;"INR";0.21;13.65;1769.97
"Prod017";"Cus023";"Mark002";"2017-12-22";7;13778.0;"INR";-0.13;-8.45;2262.4
"Prod017";"Cus016";"Mark002";"2018-01-02";2;4194.0;"INR";0.4;26.0;1497.86
"Prod017";"Cus024";"Mark002";"2018-01-02";1;2713.0;"INR";0.29;18.85;2103.1
"Prod017";"Cus016";"Mark002";"2018-01-05";31;65648.0;"INR";0.29;18.85;1641.61
"Prod017";"Cus023";"Mark002";"2018-01-08";23;48231.0;"INR";0.12;7.8;1872.32
"Prod017";"Cus016";"Mark002";"2018-01-12";8;16065.0;"INR";-0.3;-19.5;2868.75
"Prod017";"Cus024";"Mark002";"2018-01-15";1;1356.0;"INR";0.21;13.65;1120.66
"Prod017";"Cus024";"Mark002";"2018-01-16";1;1356.0;"INR";-0.13;-8.45;1558.62
"Prod017";"Cus024";"Mark002";"2018-01-29";1;681.0;"INR";0.14;28.56;597.37
"Prod017";"Cus016";"Mark002";"2018-02-01";1;1398.0;"INR";0.11;22.44;1259.46
"Prod017";"Cus016";"Mark002";"2018-02-02";10;20255.0;"INR";-0.2;-40.8;2531.88
"Prod017";"Cus024";"Mark002";"2018-02-06";1;681.0;"INR";0.17;34.68;582.05
"Prod017";"Cus016";"Mark002";"2018-02-09";1;699.0;"INR";0.13;26.52;618.58
"Prod017";"Cus022";"Mark002";"2018-02-22";6;12014.0;"INR";-0.05;-10.2;2107.72
"Prod017";"Cus024";"Mark002";"2018-04-10";1;681.0;"INR";0.21;42.84;562.81
"Prod017";"Cus025";"Mark002";"2018-04-19";19;43537.0;"INR";0.13;26.52;2027.81
"Prod017";"Cus024";"Mark002";"2018-04-23";1;681.0;"INR";0.1;20.4;619.09
"Prod017";"Cus025";"Mark002";"2018-05-08";28;65310.0;"INR";-0.3;-61.2;3332.14
"Prod017";"Cus024";"Mark002";"2018-05-15";1;681.0;"INR";-0.25;-51.0;908.0
"Prod017";"Cus025";"Mark002";"2018-06-04";9;21769.0;"INR";-0.28;-57.12;3359.41
"Prod017";"Cus025";"Mark002";"2018-06-08";1;2176.0;"INR";-0.05;-10.2;2290.53
"Prod018";"Cus023";"Mark002";"2018-01-16";8;17222.0;"INR";0.03;6.12;2090.05
"Prod018";"Cus023";"Mark002";"2018-01-17";24;48917.0;"INR";-0.03;-6.12;2101.25
"Prod018";"Cus023";"Mark002";"2018-02-09";1;1380.0;"INR";0.39;79.56;992.81
"Prod018";"Cus026";"Mark008";"2018-02-12";13;26333.0;"INR";0.27;55.08;1594.97
"Prod018";"Cus026";"Mark008";"2018-02-16";13;26333.0;"INR";0.32;65.28;1534.56
"Prod018";"Cus016";"Mark002";"2018-02-22";1;347.0;"INR";-0.08;-16.32;377.17
"Prod018";"Cus022";"Mark002";"2018-02-22";3;6125.0;"INR";0.3;61.2;1570.51
"Prod018";"Cus016";"Mark002";"2018-02-23";5;10824.0;"INR";0.18;36.72;1834.58
"Prod018";"Cus022";"Mark002";"2018-02-26";1;3065.0;"INR";0.14;28.56;2688.6
"Prod018";"Cus023";"Mark002";"2018-03-01";1;1380.0;"INR";-0.08;-16.32;1500.0
"Prod018";"Cus016";"Mark002";"2018-03-02";2;3843.0;"INR";-0.08;-16.32;2088.59
"Prod018";"Cus022";"Mark002";"2018-03-05";1;3065.0;"INR";0.16;32.64;2642.24
"Prod018";"Cus022";"Mark002";"2018-03-06";1;3065.0;"INR";0.33;67.32;2304.51
"Prod018";"Cus022";"Mark002";"2018-03-08";1;3065.0;"INR";0.39;79.56;2205.04
"Prod018";"Cus022";"Mark002";"2018-03-09";1;3065.0;"INR";0.18;36.72;2597.46
"Prod018";"Cus022";"Mark002";"2018-03-15";3;6130.0;"INR";0.09;18.36;1874.62
"Prod018";"Cus022";"Mark002";"2018-03-19";1;3065.0;"INR";0.21;42.84;2533.06
"Prod018";"Cus025";"Mark002";"2018-03-19";5;10884.0;"INR";-0.11;-22.44;2445.84
"Prod018";"Cus022";"Mark002";"2018-03-20";1;3065.0;"INR";0.27;55.08;2413.39
"Prod018";"Cus022";"Mark002";"2018-03-21";1;3065.0;"INR";-0.03;-6.12;3159.79
"Prod018";"Cus023";"Mark002";"2018-03-21";1;343.0;"INR";0.25;51.0;274.4
"Prod018";"Cus022";"Mark002";"2018-03-23";1;3065.0;"INR";-0.18;-36.72;3737.8
"Prod018";"Cus023";"Mark002";"2018-03-23";1;690.0;"INR";0.06;12.24;650.94
"Prod018";"Cus022";"Mark002";"2018-03-27";1;3065.0;"INR";0.34;69.36;2287.31
"Prod018";"Cus022";"Mark002";"2018-03-28";1;3065.0;"INR";0.11;22.44;2761.26
"Prod018";"Cus022";"Mark002";"2018-03-29";1;3065.0;"INR";-0.15;-30.6;3605.88
"Prod018";"Cus023";"Mark002";"2018-03-29";1;1380.0;"INR";0.12;24.48;1232.14
"Prod018";"Cus022";"Mark002";"2018-04-04";1;3065.0;"INR";0.31;63.24;2339.69
"Prod018";"Cus022";"Mark002";"2018-04-06";5;12250.0;"INR";0.25;51.0;1960.0
"Prod018";"Cus023";"Mark002";"2018-04-11";2;4130.0;"INR";-0.18;-36.72;2518.29
"Prod018";"Cus022";"Mark002";"2018-04-12";3;6125.0;"INR";0.31;63.24;1558.52
"Prod018";"Cus025";"Mark002";"2018-04-12";14;32653.0;"INR";-0.11;-22.44;2620.63
"Prod018";"Cus011";"Mark003";"2018-04-13";11;37690.0;"INR";0.05;10.2;3263.2
"Prod018";"Cus022";"Mark002";"2018-04-17";1;3065.0;"INR";0.09;18.36;2811.93
"Prod018";"Cus023";"Mark002";"2018-04-18";2;3444.0;"INR";0.34;69.36;1285.07
"Prod018";"Cus022";"Mark002";"2018-04-19";4;9190.0;"INR";-0.33;-67.32;3429.1
"Prod018";"Cus022";"Mark002";"2018-04-20";1;3065.0;"INR";-0.34;-69.36;4643.94
"Prod018";"Cus022";"Mark002";"2018-04-23";1;3065.0;"INR";0.32;65.28;2321.97
"Prod018";"Cus024";"Mark002";"2018-04-24";2;3056.0;"INR";0.21;42.84;1262.81
"Prod018";"Cus011";"Mark003";"2018-04-27";10;34157.0;"INR";0.21;42.84;2822.89
"Prod018";"Cus022";"Mark002";"2018-04-27";1;3065.0;"INR";0.07;14.28;2864.49
"Prod018";"Cus022";"Mark002";"2018-04-30";1;3065.0;"INR";0.11;22.44;2761.26
"Prod018";"Cus024";"Mark002";"2018-04-30";2;3056.0;"INR";0.24;48.96;1232.26
"Prod018";"Cus023";"Mark002";"2018-04-30";1;2065.0;"INR";-0.21;-42.84;2613.92
"Prod018";"Cus022";"Mark002";"2018-05-03";3;6125.0;"INR";-0.02;-4.08;2083.33
"Prod018";"Cus023";"Mark002";"2018-05-03";1;1380.0;"INR";-0.07;-14.28;1483.87
"Prod018";"Cus022";"Mark002";"2018-05-04";4;9190.0;"INR";0.32;65.28;1740.53
"Prod018";"Cus011";"Mark003";"2018-05-07";6;20023.0;"INR";0.02;4.08;3271.73
"Prod018";"Cus022";"Mark002";"2018-05-09";1;3065.0;"INR";-0.17;-34.68;3692.77
"Prod018";"Cus022";"Mark002";"2018-05-09";13;28269.0;"INR";-0.29;-59.16;3062.73
"Prod018";"Cus022";"Mark002";"2018-05-14";1;3065.0;"INR";-0.01;-2.04;3095.96
"Prod018";"Cus024";"Mark002";"2018-05-14";2;3056.0;"INR";0.31;63.24;1166.41
"Prod018";"Cus024";"Mark002";"2018-05-15";2;3056.0;"INR";-0.07;-14.28;1643.01
"Prod018";"Cus022";"Mark002";"2018-05-16";1;3065.0;"INR";-0.01;-2.04;3095.96
"Prod018";"Cus022";"Mark002";"2018-05-16";13;28269.0;"INR";0.27;55.08;1712.24
"Prod018";"Cus011";"Mark003";"2018-05-17";1;1176.0;"INR";-0.14;-28.56;1367.44
"Prod018";"Cus022";"Mark002";"2018-05-17";3;6125.0;"INR";0.21;42.84;1687.33
"Prod018";"Cus022";"Mark002";"2018-05-17";27;56537.0;"INR";-0.22;-44.88;2684.57
"Prod018";"Cus011";"Mark003";"2018-05-18";5;16491.0;"INR";-0.06;-12.24;3508.72
"Prod018";"Cus022";"Mark002";"2018-05-18";1;3065.0;"INR";0.08;16.32;2837.96
"Prod018";"Cus022";"Mark002";"2018-05-18";13;28269.0;"INR";0.09;18.36;1994.99
"Prod018";"Cus024";"Mark002";"2018-05-21";2;3056.0;"INR";0.05;10.2;1455.24
"Prod018";"Cus024";"Mark002";"2018-05-22";2;3056.0;"INR";0.32;65.28;1157.58
"Prod018";"Cus022";"Mark002";"2018-05-23";1;3065.0;"INR";0.28;57.12;2394.53
"Prod018";"Cus022";"Mark002";"2018-05-24";1;3065.0;"INR";0.05;10.2;2919.05
"Prod018";"Cus022";"Mark002";"2018-05-25";1;3065.0;"INR";-0.1;-20.4;3405.56
"Prod018";"Cus011";"Mark003";"2018-05-28";4;14134.0;"INR";0.31;63.24;2697.33
"Prod018";"Cus022";"Mark002";"2018-05-30";3;6125.0;"INR";0.33;67.32;1535.09
"Prod018";"Cus011";"Mark003";"2018-06-01";5;16491.0;"INR";-0.06;-12.24;3508.72
"Prod018";"Cus022";"Mark002";"2018-06-01";1;3065.0;"INR";0.33;67.32;2304.51
"Prod018";"Cus022";"Mark002";"2018-06-04";1;3065.0;"INR";0.03;6.12;2975.73
"Prod018";"Cus022";"Mark002";"2018-06-05";1;3065.0;"INR";0.4;81.6;2189.29
"Prod018";"Cus022";"Mark002";"2018-06-07";3;6125.0;"INR";0.31;63.24;1558.52
"Prod018";"Cus011";"Mark003";"2018-06-11";11;40046.0;"INR";0.14;28.56;3193.46
"Prod018";"Cus022";"Mark002";"2018-06-11";1;3065.0;"INR";-0.12;-24.48;3482.95
"Prod018";"Cus022";"Mark002";"2018-06-12";1;3065.0;"INR";0.14;28.56;2688.6
"Prod018";"Cus024";"Mark002";"2018-06-12";1;338.0;"INR";-0.18;-36.72;412.2
"Prod018";"Cus022";"Mark002";"2018-06-13";1;3065.0;"INR";-0.33;-67.32;4574.63
"Prod018";"Cus022";"Mark002";"2018-06-14";5;12250.0;"INR";0.34;69.36;1828.36
"Prod018";"Cus023";"Mark002";"2018-06-14";7;14407.0;"INR";0.1;20.4;1871.04
"Prod018";"Cus022";"Mark002";"2018-06-15";3;6125.0;"INR";0.23;46.92;1659.89
"Prod018";"Cus011";"Mark003";"2018-06-19";7;25912.0;"INR";0.06;12.24;3492.18
"Prod018";"Cus026";"Mark008";"2018-06-19";27;52667.0;"INR";-0.27;-55.08;2672.1
"Prod018";"Cus022";"Mark002";"2018-06-19";1;3065.0;"INR";0.04;8.16;2947.12
"Prod018";"Cus024";"Mark002";"2018-06-19";1;338.0;"INR";0.22;44.88;277.05
"Prod018";"Cus023";"Mark002";"2018-06-19";2;4319.0;"INR";-0.14;-28.56;2511.05
"Prod018";"Cus022";"Mark002";"2018-06-20";1;3065.0;"INR";0.28;57.12;2394.53
"Prod018";"Cus025";"Mark002";"2018-06-20";108;251903.0;"INR";0.29;59.16;1808.09
"Prod018";"Cus022";"Mark002";"2018-06-21";5;12250.0;"INR";-0.31;-63.24;3550.72
"Prod018";"Cus023";"Mark002";"2018-06-21";1;1440.0;"INR";-0.03;-6.12;1484.54
"Prod018";"Cus011";"Mark003";"2018-06-25";6;21199.0;"INR";0.37;75.48;2578.95
"Prod018";"Cus022";"Mark002";"2018-06-25";1;3065.0;"INR";0.29;59.16;2375.97
"Prod018";"Cus022";"Mark002";"2018-06-27";3;6125.0;"INR";0.37;75.48;1490.27
"Prod018";"Cus022";"Mark002";"2018-06-28";3;6125.0;"INR";-0.13;-26.52;2346.74
"Prod018";"Cus023";"Mark002";"2018-06-28";1;361.0;"INR";-0.21;-42.84;456.96
"Prod018";"Cus022";"Mark002";"2018-06-29";1;3065.0;"INR";0.13;26.52;2712.39
"Prod018";"Cus011";"Mark003";"2018-07-02";16;55356.0;"INR";-0.31;-63.24;5014.13
"Prod018";"Cus022";"Mark002";"2018-07-02";1;3065.0;"INR";0.01;2.04;3034.65
"Prod018";"Cus022";"Mark002";"2018-07-05";4;9190.0;"INR";0.35;71.4;1701.85
"Prod018";"Cus022";"Mark002";"2018-07-06";3;6125.0;"INR";-0.18;-36.72;2489.84
"Prod018";"Cus011";"Mark003";"2018-07-09";8;29444.0;"INR";0.37;75.48;2686.5
"Prod018";"Cus022";"Mark002";"2018-07-09";1;3065.0;"INR";-0.12;-24.48;3482.95
"Prod018";"Cus022";"Mark002";"2018-07-10";1;3065.0;"INR";-0.13;-26.52;3522.99
"Prod018";"Cus024";"Mark002";"2018-07-10";1;338.0;"INR";0.16;32.64;291.38
"Prod018";"Cus023";"Mark002";"2018-07-10";1;1440.0;"INR";0.02;4.08;1411.76
"Prod018";"Cus022";"Mark002";"2018-07-11";1;3065.0;"INR";0.01;2.04;3034.65
"Prod018";"Cus023";"Mark002";"2018-07-12";1;2162.0;"INR";0.19;38.76;1816.81
"Prod018";"Cus022";"Mark002";"2018-07-13";1;3065.0;"INR";0.12;24.48;2736.61
"Prod018";"Cus022";"Mark002";"2018-07-16";1;3065.0;"INR";0.31;63.24;2339.69
"Prod018";"Cus011";"Mark003";"2018-07-17";2;7065.0;"INR";-0.06;-12.24;3757.98
"Prod018";"Cus022";"Mark002";"2018-07-17";5;12250.0;"INR";-0.03;-6.12;2525.77
"Prod018";"Cus022";"Mark002";"2018-07-19";3;6125.0;"INR";-0.27;-55.08;2796.8
"Prod018";"Cus022";"Mark002";"2018-07-19";13;28269.0;"INR";-0.2;-40.8;2718.17
"Prod018";"Cus023";"Mark002";"2018-07-20";1;1440.0;"INR";0.37;75.48;1051.09
"Prod018";"Cus022";"Mark002";"2018-07-25";3;6125.0;"INR";-0.27;-55.08;2796.8
"Prod018";"Cus022";"Mark002";"2018-07-26";1;3065.0;"INR";-0.29;-59.16;4316.9
"Prod018";"Cus022";"Mark002";"2018-07-27";1;3065.0;"INR";-0.27;-55.08;4198.63
"Prod018";"Cus022";"Mark002";"2018-07-30";1;3065.0;"INR";0.37;75.48;2237.23
"Prod018";"Cus023";"Mark002";"2018-07-30";1;2162.0;"INR";0.19;38.76;1816.81
"Prod018";"Cus022";"Mark002";"2018-08-01";1;3065.0;"INR";0.15;30.6;2665.22
"Prod018";"Cus022";"Mark002";"2018-08-02";1;3065.0;"INR";-0.3;-61.2;4378.57
"Prod018";"Cus025";"Mark002";"2018-08-02";24;55977.0;"INR";0.09;18.36;2139.79
"Prod018";"Cus022";"Mark002";"2018-08-03";1;3065.0;"INR";0.23;46.92;2491.87
"Prod018";"Cus022";"Mark002";"2018-08-06";1;3065.0;"INR";-0.25;-51.0;4086.67
"Prod018";"Cus022";"Mark002";"2018-08-08";3;6125.0;"INR";0.21;42.84;1687.33
"Prod018";"Cus022";"Mark002";"2018-08-09";1;3065.0;"INR";0.37;75.48;2237.23
"Prod018";"Cus025";"Mark002";"2018-08-09";5;10495.0;"INR";0.05;10.2;1999.05
"Prod018";"Cus011";"Mark003";"2018-08-10";13;45935.0;"INR";0.26;53.04;2804.33
"Prod018";"Cus022";"Mark002";"2018-08-10";3;6125.0;"INR";0.13;26.52;1806.78
"Prod018";"Cus022";"Mark002";"2018-08-13";3;6125.0;"INR";-0.12;-24.48;2320.08
"Prod018";"Cus025";"Mark002";"2018-08-13";15;34986.0;"INR";-0.2;-40.8;2915.5
"Prod018";"Cus022";"Mark002";"2018-08-14";1;3065.0;"INR";0.16;32.64;2642.24
"Prod018";"Cus022";"Mark002";"2018-08-14";13;28269.0;"INR";0.15;30.6;1890.9
"Prod018";"Cus022";"Mark002";"2018-08-17";4;9190.0;"INR";0.16;32.64;1980.6
"Prod018";"Cus025";"Mark002";"2018-08-17";15;34986.0;"INR";-0.25;-51.0;3109.87
"Prod018";"Cus011";"Mark003";"2018-08-20";10;36509.0;"INR";-0.09;-18.36;4011.98
"Prod018";"Cus022";"Mark002";"2018-08-21";5;12250.0;"INR";-0.35;-71.4;3769.23
"Prod018";"Cus024";"Mark002";"2018-08-21";1;338.0;"INR";0.17;34.68;288.89
"Prod018";"Cus022";"Mark002";"2018-08-22";1;3065.0;"INR";-0.29;-59.16;4316.9
"Prod018";"Cus022";"Mark002";"2018-08-23";3;6125.0;"INR";-0.07;-14.28;2195.34
"Prod018";"Cus025";"Mark002";"2018-08-23";12;27991.0;"INR";-0.05;-10.2;2455.35
"Prod018";"Cus022";"Mark002";"2018-08-24";3;6125.0;"INR";-0.33;-67.32;3047.26
"Prod018";"Cus011";"Mark003";"2018-08-27";13;45935.0;"INR";-0.06;-12.24;3759.0
"Prod018";"Cus022";"Mark002";"2018-08-29";1;3065.0;"INR";0.09;18.36;2811.93
"Prod018";"Cus023";"Mark002";"2018-08-29";1;361.0;"INR";-0.05;-10.2;380.0
"Prod018";"Cus022";"Mark002";"2018-08-31";7;15315.0;"INR";0.05;10.2;2083.67
"Prod018";"Cus025";"Mark002";"2018-08-31";20;45481.0;"INR";0.15;30.6;1977.43
"Prod018";"Cus011";"Mark003";"2018-09-03";40;140157.0;"INR";0.24;48.96;2825.75
"Prod018";"Cus022";"Mark002";"2018-09-03";1;3065.0;"INR";-0.28;-57.12;4256.94
"Prod018";"Cus025";"Mark002";"2018-09-03";8;17495.0;"INR";0.07;14.28;2043.81
"Prod018";"Cus022";"Mark002";"2018-09-04";13;28269.0;"INR";-0.17;-34.68;2619.93
"Prod018";"Cus025";"Mark002";"2018-09-06";15;34986.0;"INR";-0.34;-69.36;3533.94
"Prod018";"Cus023";"Mark002";"2018-09-06";1;361.0;"INR";0.09;18.36;331.19
"Prod018";"Cus022";"Mark002";"2018-09-07";1;3065.0;"INR";-0.16;-32.64;3648.81
"Prod018";"Cus025";"Mark002";"2018-09-07";26;59477.0;"INR";0.12;24.48;2042.48
"Prod018";"Cus023";"Mark002";"2018-09-07";1;1079.0;"INR";-0.19;-38.76;1332.1
"Prod018";"Cus022";"Mark002";"2018-09-10";3;6125.0;"INR";0.36;73.44;1501.23
"Prod018";"Cus024";"Mark002";"2018-09-12";1;681.0;"INR";-0.15;-30.6;801.18
"Prod018";"Cus022";"Mark002";"2018-09-13";3;6130.0;"INR";0.2;40.8;1702.78
"Prod018";"Cus025";"Mark002";"2018-09-13";8;17495.0;"INR";-0.23;-46.92;2840.1
"Prod018";"Cus023";"Mark002";"2018-09-13";1;1440.0;"INR";-0.12;-24.48;1636.36
"Prod018";"Cus022";"Mark002";"2018-09-14";3;6125.0;"INR";0.13;26.52;1806.78
"Prod018";"Cus022";"Mark002";"2018-09-17";1;3065.0;"INR";0.04;8.16;2947.12
"Prod018";"Cus024";"Mark002";"2018-09-18";1;676.0;"INR";0.39;79.56;486.33
"Prod018";"Cus022";"Mark002";"2018-09-19";1;3065.0;"INR";-0.09;-18.36;3368.13
"Prod018";"Cus022";"Mark002";"2018-09-21";1;3065.0;"INR";0.33;67.32;2304.51
"Prod018";"Cus022";"Mark002";"2018-09-21";13;28269.0;"INR";-0.2;-40.8;2718.17
"Prod018";"Cus022";"Mark002";"2018-09-24";1;3065.0;"INR";-0.14;-28.56;3563.95
"Prod018";"Cus016";"Mark002";"2018-09-26";12;24792.0;"INR";0.09;18.36;1895.41
"Prod018";"Cus022";"Mark002";"2018-09-26";1;3065.0;"INR";-0.14;-28.56;3563.95
"Prod018";"Cus022";"Mark002";"2018-09-27";1;3065.0;"INR";-0.26;-53.04;4141.89
"Prod018";"Cus022";"Mark002";"2018-09-28";1;3065.0;"INR";0.13;26.52;2712.39
"Prod018";"Cus023";"Mark002";"2018-09-28";1;1440.0;"INR";0.09;18.36;1321.1
"Prod018";"Cus016";"Mark002";"2018-10-01";6;11519.0;"INR";-0.25;-51.0;2559.78
"Prod018";"Cus022";"Mark002";"2018-10-01";1;3065.0;"INR";0.13;26.52;2712.39
"Prod018";"Cus024";"Mark002";"2018-10-01";1;1356.0;"INR";-0.21;-42.84;1716.46
"Prod018";"Cus024";"Mark002";"2018-10-02";1;1019.0;"INR";0.0;0.0;1019.0
"Prod018";"Cus022";"Mark002";"2018-10-03";1;3065.0;"INR";0.14;28.56;2688.6
"Prod018";"Cus011";"Mark003";"2018-10-08";1;1176.0;"INR";-0.35;-71.4;1809.23
"Prod018";"Cus016";"Mark002";"2018-10-08";1;1398.0;"INR";0.39;79.56;1005.76
"Prod018";"Cus022";"Mark002";"2018-10-08";3;6125.0;"INR";0.21;42.84;1687.33
"Prod018";"Cus022";"Mark002";"2018-10-09";4;9190.0;"INR";-0.33;-67.32;3429.1
"Prod018";"Cus022";"Mark002";"2018-10-11";1;3065.0;"INR";-0.24;-48.96;4032.89
"Prod018";"Cus025";"Mark002";"2018-10-11";8;17495.0;"INR";0.01;2.04;2165.22
"Prod018";"Cus023";"Mark002";"2018-10-11";1;722.0;"INR";-0.07;-14.28;776.34
"Prod018";"Cus016";"Mark002";"2018-10-12";8;17463.0;"INR";0.28;57.12;1705.37
"Prod018";"Cus022";"Mark002";"2018-10-12";5;12250.0;"INR";-0.22;-44.88;3141.03
"Prod018";"Cus022";"Mark002";"2018-10-12";80;169606.0;"INR";0.11;22.44;1909.98
"Prod018";"Cus025";"Mark002";"2018-10-15";8;17495.0;"INR";0.24;48.96;1763.61
"Prod018";"Cus022";"Mark002";"2018-10-17";1;3065.0;"INR";-0.28;-57.12;4256.94
"Prod018";"Cus024";"Mark002";"2018-10-17";1;338.0;"INR";-0.09;-18.36;371.43
"Prod018";"Cus022";"Mark002";"2018-10-17";13;28269.0;"INR";0.07;14.28;2032.28
"Prod018";"Cus022";"Mark002";"2018-10-18";1;3065.0;"INR";0.07;14.28;2864.49
"Prod018";"Cus025";"Mark002";"2018-10-18";8;17495.0;"INR";-0.04;-8.16;2277.99
"Prod018";"Cus023";"Mark002";"2018-10-18";1;361.0;"INR";0.2;40.8;300.83
"Prod018";"Cus022";"Mark002";"2018-10-19";1;3065.0;"INR";0.32;65.28;2321.97
"Prod018";"Cus022";"Mark002";"2018-10-19";13;28269.0;"INR";0.36;73.44;1598.93
"Prod018";"Cus016";"Mark002";"2018-10-22";2;3495.0;"INR";-0.14;-28.56;2031.98
"Prod018";"Cus022";"Mark002";"2018-10-22";3;6125.0;"INR";-0.25;-51.0;2722.22
"Prod018";"Cus025";"Mark002";"2018-10-22";3;6995.0;"INR";-0.14;-28.56;2711.24
"Prod018";"Cus016";"Mark002";"2018-10-23";1;1745.0;"INR";-0.04;-8.16;1817.71
"Prod018";"Cus023";"Mark002";"2018-10-23";1;722.0;"INR";-0.26;-53.04;975.68
"Prod018";"Cus016";"Mark002";"2018-10-24";2;4190.0;"INR";0.39;79.56;1507.19
"Prod018";"Cus022";"Mark002";"2018-10-25";1;3065.0;"INR";0.04;8.16;2947.12
"Prod018";"Cus025";"Mark002";"2018-10-25";17;38486.0;"INR";0.37;75.48;1652.47
"Prod018";"Cus022";"Mark002";"2018-10-29";1;3065.0;"INR";-0.13;-26.52;3522.99
"Prod018";"Cus025";"Mark002";"2018-10-29";23;52481.0;"INR";-0.07;-14.28;2453.53
"Prod018";"Cus016";"Mark002";"2018-10-30";17;35963.0;"INR";0.29;59.16;1639.9
"Prod018";"Cus022";"Mark002";"2018-10-30";13;28269.0;"INR";0.15;30.6;1890.9
"Prod018";"Cus022";"Mark002";"2018-10-31";1;3065.0;"INR";0.18;36.72;2597.46
"Prod018";"Cus022";"Mark002";"2018-11-01";15;33690.0;"INR";-0.29;-59.16;3163.38
"Prod018";"Cus022";"Mark002";"2018-11-01";13;28269.0;"INR";0.23;46.92;1767.92
"Prod018";"Cus022";"Mark002";"2018-11-02";3;6125.0;"INR";0.11;22.44;1839.34
"Prod018";"Cus023";"Mark002";"2018-11-02";1;722.0;"INR";-0.27;-55.08;989.04
"Prod018";"Cus022";"Mark002";"2018-11-05";4;9190.0;"INR";0.34;69.36;1714.55
"Prod018";"Cus016";"Mark002";"2018-11-06";18;38060.0;"INR";0.25;51.0;1691.56
"Prod018";"Cus025";"Mark002";"2018-11-06";8;17495.0;"INR";0.16;32.64;1885.24
"Prod018";"Cus022";"Mark002";"2018-11-06";13;28269.0;"INR";-0.32;-65.28;3197.85
"Prod018";"Cus016";"Mark002";"2018-11-07";11;23394.0;"INR";0.36;73.44;1563.77
"Prod018";"Cus022";"Mark002";"2018-11-08";4;9190.0;"INR";0.17;34.68;1963.68
"Prod018";"Cus025";"Mark002";"2018-11-08";9;20991.0;"INR";-0.03;-6.12;2404.47
"Prod018";"Cus016";"Mark002";"2018-11-09";21;43991.0;"INR";0.32;65.28;1586.98
"Prod018";"Cus022";"Mark002";"2018-11-12";3;6125.0;"INR";-0.13;-26.52;2346.74
"Prod018";"Cus025";"Mark002";"2018-11-12";15;34986.0;"INR";-0.14;-28.56;2712.09
"Prod018";"Cus022";"Mark002";"2018-11-12";13;28269.0;"INR";0.35;71.4;1610.77
"Prod018";"Cus022";"Mark002";"2018-11-13";1;3065.0;"INR";-0.16;-32.64;3648.81
"Prod018";"Cus022";"Mark002";"2018-11-13";13;28269.0;"INR";0.27;55.08;1712.24
"Prod018";"Cus022";"Mark002";"2018-11-14";1;3065.0;"INR";-0.08;-8.48;3331.52
"Prod018";"Cus022";"Mark002";"2018-11-15";3;6125.0;"INR";-0.33;-34.98;3047.26
"Prod018";"Cus025";"Mark002";"2018-11-15";8;17495.0;"INR";-0.16;-16.96;2603.42
"Prod018";"Cus016";"Mark002";"2018-11-16";37;77870.0;"INR";0.07;7.42;1966.91
"Prod018";"Cus022";"Mark002";"2018-11-16";13;28269.0;"INR";0.08;8.48;2013.46
"Prod018";"Cus025";"Mark002";"2018-11-20";8;17495.0;"INR";0.3;31.8;1682.21
"Prod018";"Cus022";"Mark002";"2018-11-20";13;28269.0;"INR";0.15;15.9;1890.9
"Prod018";"Cus022";"Mark002";"2018-11-21";1;3065.0;"INR";0.17;18.02;2619.66
"Prod018";"Cus022";"Mark002";"2018-11-22";3;6125.0;"INR";0.27;28.62;1607.61
"Prod018";"Cus025";"Mark002";"2018-11-22";23;52481.0;"INR";-0.14;-14.84;2653.24
"Prod018";"Cus022";"Mark002";"2018-11-22";13;28269.0;"INR";0.05;5.3;2070.99
"Prod018";"Cus016";"Mark002";"2018-11-23";6;13264.0;"INR";-0.29;-30.74;3113.62
"Prod018";"Cus022";"Mark002";"2018-11-23";4;9190.0;"INR";0.34;36.04;1714.55
"Prod018";"Cus023";"Mark002";"2018-11-23";17;36014.0;"INR";0.24;25.44;1708.44
"Prod018";"Cus016";"Mark002";"2018-11-26";58;121509.0;"INR";0.36;38.16;1540.43
"Prod018";"Cus022";"Mark002";"2018-11-27";13;28269.0;"INR";-0.13;-13.78;2499.47
"Prod018";"Cus023";"Mark002";"2018-11-27";33;72028.0;"INR";0.15;15.9;1897.97
"Prod018";"Cus016";"Mark002";"2018-11-29";22;46444.0;"INR";0.04;4.24;2029.9
"Prod018";"Cus022";"Mark002";"2018-11-29";1;3065.0;"INR";-0.32;-33.92;4507.35
"Prod018";"Cus025";"Mark002";"2018-11-29";8;17495.0;"INR";-0.01;-1.06;2208.96
"Prod018";"Cus022";"Mark002";"2018-11-29";13;28269.0;"INR";-0.35;-37.1;3345.44
"Prod018";"Cus022";"Mark002";"2018-12-03";1;3065.0;"INR";0.24;25.44;2471.77
"Prod018";"Cus025";"Mark002";"2018-12-03";8;17495.0;"INR";0.0;0.0;2186.88
"Prod018";"Cus022";"Mark002";"2018-12-04";1;3065.0;"INR";0.17;18.02;2619.66
"Prod018";"Cus022";"Mark002";"2018-12-04";13;28269.0;"INR";-0.31;-32.86;3151.51
"Prod018";"Cus022";"Mark002";"2018-12-06";1;3065.0;"INR";0.39;41.34;2205.04
"Prod018";"Cus025";"Mark002";"2018-12-06";15;34986.0;"INR";0.32;33.92;1766.97
"Prod018";"Cus022";"Mark002";"2018-12-06";13;28269.0;"INR";0.16;16.96;1874.6
"Prod018";"Cus016";"Mark002";"2018-12-07";59;122898.0;"INR";-0.17;-18.02;2509.66
"Prod018";"Cus022";"Mark002";"2018-12-10";1;3065.0;"INR";-0.2;-21.2;3831.25
"Prod018";"Cus025";"Mark002";"2018-12-10";23;52481.0;"INR";-0.1;-10.6;2535.31
"Prod018";"Cus022";"Mark002";"2018-12-10";13;28269.0;"INR";0.33;34.98;1634.99
"Prod018";"Cus022";"Mark002";"2018-12-12";1;3065.0;"INR";0.38;40.28;2221.01
"Prod018";"Cus016";"Mark002";"2018-12-13";9;19556.0;"INR";-0.09;-9.54;2387.79
"Prod018";"Cus022";"Mark002";"2018-12-13";1;3065.0;"INR";-0.09;-9.54;3368.13
"Prod018";"Cus025";"Mark002";"2018-12-13";8;17495.0;"INR";0.39;41.34;1573.29
"Prod018";"Cus016";"Mark002";"2018-12-14";18;38407.0;"INR";0.37;39.22;1557.46
"Prod018";"Cus022";"Mark002";"2018-12-14";4;9190.0;"INR";0.39;41.34;1652.88
"Prod018";"Cus022";"Mark002";"2018-12-17";3;6125.0;"INR";0.39;41.34;1468.82
"Prod018";"Cus025";"Mark002";"2018-12-17";8;17495.0;"INR";0.14;14.84;1918.31
"Prod018";"Cus024";"Mark002";"2018-12-17";1;338.0;"INR";-0.35;-37.1;520.0
"Prod018";"Cus025";"Mark002";"2018-12-18";11;24491.0;"INR";0.21;22.26;1840.05
"Prod018";"Cus022";"Mark002";"2018-12-20";3;6125.0;"INR";-0.03;-3.18;2104.81
"Prod018";"Cus025";"Mark002";"2018-12-20";72;167935.0;"INR";-0.05;-5.3;2455.19
"Prod018";"Cus016";"Mark002";"2018-12-21";108;226963.0;"INR";0.06;6.36;1982.56
"Prod018";"Cus022";"Mark002";"2018-12-21";4;9190.0;"INR";-0.05;-5.3;2418.42
"Prod018";"Cus022";"Mark002";"2018-12-21";67;141343.0;"INR";0.4;42.4;1506.86
"Prod018";"Cus022";"Mark002";"2018-12-28";5;12250.0;"INR";-0.22;-23.32;3141.03
"Prod018";"Cus025";"Mark002";"2019-01-04";27;62977.0;"INR";-0.09;-9.54;2563.17
"Prod018";"Cus022";"Mark002";"2019-01-07";1;3065.0;"INR";-0.08;-8.48;3331.52
"Prod018";"Cus024";"Mark002";"2019-01-07";1;338.0;"INR";0.01;1.06;334.65
"Prod018";"Cus022";"Mark002";"2019-01-07";27;56532.0;"INR";0.29;30.74;1623.08
"Prod018";"Cus016";"Mark002";"2019-01-08";8;17458.0;"INR";0.08;8.48;2020.6
"Prod018";"Cus022";"Mark002";"2019-01-08";12;27565.0;"INR";0.09;9.54;2107.42
"Prod018";"Cus024";"Mark002";"2019-01-08";1;338.0;"INR";-0.32;-33.92;497.06
"Prod018";"Cus022";"Mark002";"2019-01-10";1;3065.0;"INR";0.22;23.32;2512.3
"Prod018";"Cus016";"Mark002";"2019-01-11";18;38065.0;"INR";-0.18;-19.08;2578.93
"Prod018";"Cus023";"Mark002";"2019-01-11";1;722.0;"INR";-0.16;-16.96;859.52
"Prod018";"Cus022";"Mark002";"2019-01-14";1;3065.0;"INR";0.24;25.44;2471.77
"Prod018";"Cus024";"Mark002";"2019-01-14";1;338.0;"INR";0.04;4.24;325.0
"Prod018";"Cus022";"Mark002";"2019-01-15";13;28269.0;"INR";-0.35;-37.1;3345.44
"Prod018";"Cus022";"Mark002";"2019-01-16";12;27565.0;"INR";0.2;21.2;1914.24
"Prod018";"Cus022";"Mark002";"2019-01-17";13;28269.0;"INR";0.4;42.4;1553.24
"Prod018";"Cus016";"Mark002";"2019-01-18";20;41898.0;"INR";-0.19;-20.14;2586.3
"Prod018";"Cus022";"Mark002";"2019-01-18";12;27565.0;"INR";-0.14;-14.84;2671.03
"Prod018";"Cus025";"Mark002";"2019-01-21";45;104958.0;"INR";-0.17;-18.02;2810.12
"Prod018";"Cus023";"Mark002";"2019-01-21";1;722.0;"INR";0.23;24.38;586.99
"Prod018";"Cus022";"Mark002";"2019-01-24";13;28269.0;"INR";0.11;11.66;1959.04
"Prod018";"Cus022";"Mark002";"2019-01-25";53;113074.0;"INR";0.22;23.32;1748.75
"Prod018";"Cus016";"Mark002";"2019-01-28";55;115921.0;"INR";0.18;19.08;1786.15
"Prod018";"Cus025";"Mark002";"2019-01-28";24;55977.0;"INR";-0.26;-27.56;3151.86
"Prod018";"Cus025";"Mark002";"2019-01-30";45;104958.0;"INR";-0.27;-28.62;3195.07
"Prod018";"Cus022";"Mark002";"2019-01-31";8;18375.0;"INR";0.01;1.06;2274.13
"Prod018";"Cus025";"Mark002";"2019-01-31";18;41981.0;"INR";0.11;11.66;2101.15
"Prod018";"Cus022";"Mark002";"2019-01-31";13;28269.0;"INR";-0.04;-4.24;2265.14
"Prod018";"Cus023";"Mark002";"2019-01-31";1;722.0;"INR";-0.14;-14.84;839.53
"Prod018";"Cus016";"Mark002";"2019-02-01";15;31421.0;"INR";-0.2;-21.2;2618.42
"Prod018";"Cus016";"Mark002";"2019-02-04";34;71231.0;"INR";0.06;6.36;1976.44
"Prod018";"Cus023";"Mark002";"2019-02-05";1;722.0;"INR";-0.08;-8.48;784.78
"Prod018";"Cus022";"Mark002";"2019-02-07";11;24500.0;"INR";0.0;0.0;2227.27
"Prod018";"Cus025";"Mark002";"2019-02-07";15;34986.0;"INR";0.03;3.18;2264.47
"Prod018";"Cus022";"Mark002";"2019-02-07";13;28269.0;"INR";-0.26;-27.56;2938.57
"Prod018";"Cus016";"Mark002";"2019-02-08";26;55167.0;"INR";0.34;36.04;1583.44
"Prod018";"Cus022";"Mark002";"2019-02-08";13;28269.0;"INR";0.15;15.9;1890.9
"Prod018";"Cus025";"Mark002";"2019-02-11";8;17495.0;"INR";0.36;38.16;1608.0
"Prod018";"Cus022";"Mark002";"2019-02-12";5;12250.0;"INR";0.18;19.08;2076.27
"Prod018";"Cus022";"Mark002";"2019-02-12";13;28269.0;"INR";0.4;42.4;1553.24
"Prod018";"Cus022";"Mark002";"2019-02-13";12;27565.0;"INR";-0.24;-25.44;3022.48
"Prod018";"Cus022";"Mark002";"2019-02-14";7;15315.0;"INR";-0.16;-16.96;2604.59
"Prod018";"Cus025";"Mark002";"2019-02-14";6;13995.0;"INR";-0.08;-8.48;2535.33
"Prod018";"Cus022";"Mark002";"2019-02-14";13;28269.0;"INR";0.39;41.34;1564.42
"Prod018";"Cus016";"Mark002";"2019-02-15";62;129546.0;"INR";0.01;1.06;2068.76
"Prod018";"Cus022";"Mark002";"2019-02-15";4;9190.0;"INR";-0.18;-19.08;2801.83
"Prod018";"Cus022";"Mark002";"2019-02-15";13;28269.0;"INR";-0.19;-20.14;2684.62
"Prod018";"Cus022";"Mark002";"2019-02-18";3;6125.0;"INR";-0.18;-19.08;2489.84
"Prod018";"Cus025";"Mark002";"2019-02-18";8;17495.0;"INR";0.0;0.0;2186.88
